Action Category,IMU1 AccX Average,IMU1 AccX Minimum,IMU1 AccX Maximum,IMU1 AccX RMS,IMU1 AccX Stdev,IMU1 AccX Skewness,IMU1 AccX Kurtosis,IMU1 AccY Average,IMU1 AccY Minimum,IMU1 AccY Maximum,IMU1 AccY RMS,IMU1 AccY Stdev,IMU1 AccY Skewness,IMU1 AccY Kurtosis,IMU1 AccZ Average,IMU1 AccZ Minimum,IMU1 AccZ Maximum,IMU1 AccZ RMS,IMU1 AccZ Stdev,IMU1 AccZ Skewness,IMU1 AccZ Kurtosis,IMU1 GyroX Average,IMU1 GyroX Minimum,IMU1 GyroX Maximum,IMU1 GyroX RMS,IMU1 GyroX Stdev,IMU1 GyroX Skewness,IMU1 GyroX Kurtosis,IMU1 GyroY Average,IMU1 GyroY Minimum,IMU1 GyroY Maximum,IMU1 GyroY RMS,IMU1 GyroY Stdev,IMU1 GyroY Skewness,IMU1 GyroY Kurtosis,IMU1 GyroZ Average,IMU1 GyroZ Minimum,IMU1 GyroZ Maximum,IMU1 GyroZ RMS,IMU1 GyroZ Stdev,IMU1 GyroZ Skewness,IMU1 GyroZ Kurtosis,IMU2 AccX Average,IMU2 AccX Minimum,IMU2 AccX Maximum,IMU2 AccX RMS,IMU2 AccX Stdev,IMU2 AccX Skewness,IMU2 AccX Kurtosis,IMU2 AccY Average,IMU2 AccY Minimum,IMU2 AccY Maximum,IMU2 AccY RMS,IMU2 AccY Stdev,IMU2 AccY Skewness,IMU2 AccY Kurtosis,IMU2 AccZ Average,IMU2 AccZ Minimum,IMU2 AccZ Maximum,IMU2 AccZ RMS,IMU2 AccZ Stdev,IMU2 AccZ Skewness,IMU2 AccZ Kurtosis,IMU2 GyroX Average,IMU2 GyroX Minimum,IMU2 GyroX Maximum,IMU2 GyroX RMS,IMU2 GyroX Stdev,IMU2 GyroX Skewness,IMU2 GyroX Kurtosis,IMU2 GyroY Average,IMU2 GyroY Minimum,IMU2 GyroY Maximum,IMU2 GyroY RMS,IMU2 GyroY Stdev,IMU2 GyroY Skewness,IMU2 GyroY Kurtosis,IMU2 GyroZ Average,IMU2 GyroZ Minimum,IMU2 GyroZ Maximum,IMU2 GyroZ RMS,IMU2 GyroZ Stdev,IMU2 GyroZ Skewness,IMU2 GyroZ Kurtosis,IMU3 AccX Average,IMU3 AccX Minimum,IMU3 AccX Maximum,IMU3 AccX RMS,IMU3 AccX Stdev,IMU3 AccX Skewness,IMU3 AccX Kurtosis,IMU3 AccY Average,IMU3 AccY Minimum,IMU3 AccY Maximum,IMU3 AccY RMS,IMU3 AccY Stdev,IMU3 AccY Skewness,IMU3 AccY Kurtosis,IMU3 AccZ Average,IMU3 AccZ Minimum,IMU3 AccZ Maximum,IMU3 AccZ RMS,IMU3 AccZ Stdev,IMU3 AccZ Skewness,IMU3 AccZ Kurtosis,IMU3 GyroX Average,IMU3 GyroX Minimum,IMU3 GyroX Maximum,IMU3 GyroX RMS,IMU3 GyroX Stdev,IMU3 GyroX Skewness,IMU3 GyroX Kurtosis,IMU3 GyroY Average,IMU3 GyroY Minimum,IMU3 GyroY Maximum,IMU3 GyroY RMS,IMU3 GyroY Stdev,IMU3 GyroY Skewness,IMU3 GyroY Kurtosis,IMU3 GyroZ Average,IMU3 GyroZ Minimum,IMU3 GyroZ Maximum,IMU3 GyroZ RMS,IMU3 GyroZ Stdev,IMU3 GyroZ Skewness,IMU3 GyroZ Kurtosis
1,0.024235294117647053,0.012,0.04,0.025603308609722798,0.008511238245436918,0.23714789559431756,-0.9760363241998617,,,,,,,,,,,,,,,,,,,,,,,,,,,,,,,,,,,,,,,,,,,,,,,,,,,,,,,,,,,,,,,,,,,,,,,,,,,,,,,,,,,,,,,,,,,,,,,,,,,,,,,,,,,,,,,,,,,,,,,
1,,,,,,,,-0.7298823529411765,-0.8160000000000001,-0.4580000000000001,0.7345859177715262,0.0855496072119425,2.132308642488533,4.3003672517271365,,,,,,,,,,,,,,,,,,,,,,,,,,,,,,,,,,,,,,,,,,,,,,,,,,,,,,,,,,,,,,,,,,,,,,,,,,,,,,,,,,,,,,,,,,,,,,,,,,,,,,,,,,,,,,,,
1,,,,,,,,,,,,,,,-0.6380000000000001,-0.7240000000000001,-0.386,0.6425374331050111,0.07857162337638189,2.141550330140112,4.500027150168561,,,,,,,,,,,,,,,,,,,,,,,,,,,,,,,,,,,,,,,,,,,,,,,,,,,,,,,,,,,,,,,,,,,,,,,,,,,,,,,,,,,,,,,,,,,,,,,,,,,,,,,,,
1,,,,,,,,,,,,,,,,,,,,,,1.3995294117647064,-4.554,12.550000000000002,5.589395505566507,5.5778872133367745,0.8067640074225911,-0.815362892133022,,,,,,,,,,,,,,,,,,,,,,,,,,,,,,,,,,,,,,,,,,,,,,,,,,,,,,,,,,,,,,,,,,,,,,,,,,,,,,,,,,,,,,,,,,,,,,,,,,
1,,,,,,,,,,,,,,,,,,,,,,,,,,,,,-1.7114117647058824,-9.116,5.958,4.981989420726954,4.822809749757183,0.14554735928028723,-1.1274065525500787,,,,,,,,,,,,,,,,,,,,,,,,,,,,,,,,,,,,,,,,,,,,,,,,,,,,,,,,,,,,,,,,,,,,,,,,,,,,,,,,,,,,,,,,,,,
1,,,,,,,,,,,,,,,,,,,,,,,,,,,,,,,,,,,,-0.3737647058823529,-8.106,5.714,4.061005410138784,4.168221316242273,-0.5563707659883083,-0.8178616143710311,,,,,,,,,,,,,,,,,,,,,,,,,,,,,,,,,,,,,,,,,,,,,,,,,,,,,,,,,,,,,,,,,,,,,,,,,,,,,,,,,,,,
1,,,,,,,,,,,,,,,,,,,,,,,,,,,,,,,,,,,,,,,,,,,-0.7671764705882353,-0.8360000000000001,-0.4740000000000001,0.7719327919541428,0.08819313698788986,2.498799150191502,5.543306290624177,,,,,,,,,,,,,,,,,,,,,,,,,,,,,,,,,,,,,,,,,,,,,,,,,,,,,,,,,,,,,,,,,,,,,,,,,,,,,
1,,,,,,,,,,,,,,,,,,,,,,,,,,,,,,,,,,,,,,,,,,,,,,,,,,0.020588235294117647,-0.034,0.064,0.03831448812133603,0.0333073918663887,-0.4071273865377047,-1.1691216063110963,,,,,,,,,,,,,,,,,,,,,,,,,,,,,,,,,,,,,,,,,,,,,,,,,,,,,,,,,,,,,,,,,,,,,,
1,,,,,,,,,,,,,,,,,,,,,,,,,,,,,,,,,,,,,,,,,,,,,,,,,,,,,,,,,-0.5625882352941176,-0.622,-0.352,0.5662711884102257,0.06646339107314024,2.0657682490189813,4.033438883359974,,,,,,,,,,,,,,,,,,,,,,,,,,,,,,,,,,,,,,,,,,,,,,,,,,,,,,,,,,,,,,,
1,,,,,,,,,,,,,,,,,,,,,,,,,,,,,,,,,,,,,,,,,,,,,,,,,,,,,,,,,,,,,,,,-1.4830588235294115,-6.764,3.942,3.3238911994652223,3.066241764574922,0.15952838507260791,-0.7047406005105543,,,,,,,,,,,,,,,,,,,,,,,,,,,,,,,,,,,,,,,,,,,,,,,,,,,,,,,,
1,,,,,,,,,,,,,,,,,,,,,,,,,,,,,,,,,,,,,,,,,,,,,,,,,,,,,,,,,,,,,,,,,,,,,,,-2.2847058823529416,-15.554,6.080000000000001,7.415331082212279,7.2717059532539015,-0.600959412760613,-1.0955920308133962,,,,,,,,,,,,,,,,,,,,,,,,,,,,,,,,,,,,,,,,,,,,,,,,,
1,,,,,,,,,,,,,,,,,,,,,,,,,,,,,,,,,,,,,,,,,,,,,,,,,,,,,,,,,,,,,,,,,,,,,,,,,,,,,,1.6716470588235293,-3.21,5.5680000000000005,2.920090530425787,2.4679561620188997,-0.4704808595998344,-0.62248434511943,,,,,,,,,,,,,,,,,,,,,,,,,,,,,,,,,,,,,,,,,,
1,,,,,,,,,,,,,,,,,,,,,,,,,,,,,,,,,,,,,,,,,,,,,,,,,,,,,,,,,,,,,,,,,,,,,,,,,,,,,,,,,,,,,-0.7020000000000001,-1.036,-0.346,0.7283478483769237,0.20010497245196085,-0.0069846181154344595,-1.153777035249295,,,,,,,,,,,,,,,,,,,,,,,,,,,,,,,,,,,
1,,,,,,,,,,,,,,,,,,,,,,,,,,,,,,,,,,,,,,,,,,,,,,,,,,,,,,,,,,,,,,,,,,,,,,,,,,,,,,,,,,,,,,,,,,,,-0.3009411764705882,-0.432,-0.18,0.307199111518323,0.06358898350759676,-0.25033610697154646,-0.33803125377966126,,,,,,,,,,,,,,,,,,,,,,,,,,,,
1,,,,,,,,,,,,,,,,,,,,,,,,,,,,,,,,,,,,,,,,,,,,,,,,,,,,,,,,,,,,,,,,,,,,,,,,,,,,,,,,,,,,,,,,,,,,,,,,,,,0.5056470588235294,0.08,0.8960000000000001,0.5641726894572369,0.2579246355954755,-0.11872307808633902,-1.246383584032399,,,,,,,,,,,,,,,,,,,,,
1,,,,,,,,,,,,,,,,,,,,,,,,,,,,,,,,,,,,,,,,,,,,,,,,,,,,,,,,,,,,,,,,,,,,,,,,,,,,,,,,,,,,,,,,,,,,,,,,,,,,,,,,,,-1.3211764705882367,-31.85,23.388,18.634623864951912,19.159793332116394,-0.3872437867724772,-1.2382939864711577,,,,,,,,,,,,,,
1,,,,,,,,,,,,,,,,,,,,,,,,,,,,,,,,,,,,,,,,,,,,,,,,,,,,,,,,,,,,,,,,,,,,,,,,,,,,,,,,,,,,,,,,,,,,,,,,,,,,,,,,,,,,,,,,,1.3487058823529419,-47.04600000000001,71.912,34.65956657004715,35.69920456355559,0.7414350913764794,-0.7132671734499834,,,,,,,
1,,,,,,,,,,,,,,,,,,,,,,,,,,,,,,,,,,,,,,,,,,,,,,,,,,,,,,,,,,,,,,,,,,,,,,,,,,,,,,,,,,,,,,,,,,,,,,,,,,,,,,,,,,,,,,,,,,,,,,,,1.5036470588235284,-13.292000000000002,15.698,8.414763035354975,8.534136606455693,0.07442599536176538,-0.726856207386251
1,-0.02694117647058823,-0.12,0.016,0.05523213046130049,0.04969968635242492,-0.8434119746895207,-0.9171299791534651,,,,,,,,,,,,,,,,,,,,,,,,,,,,,,,,,,,,,,,,,,,,,,,,,,,,,,,,,,,,,,,,,,,,,,,,,,,,,,,,,,,,,,,,,,,,,,,,,,,,,,,,,,,,,,,,,,,,,,,
1,,,,,,,,-1.1576470588235293,-2.3,-0.668,1.3680558984107596,0.7514283849090735,-0.9027751627054349,-1.183335388176336,,,,,,,,,,,,,,,,,,,,,,,,,,,,,,,,,,,,,,,,,,,,,,,,,,,,,,,,,,,,,,,,,,,,,,,,,,,,,,,,,,,,,,,,,,,,,,,,,,,,,,,,,,,,,,,,
1,,,,,,,,,,,,,,,-1.1261176470588234,-2.204,-0.662,1.3178404795011287,0.705583258938389,-0.9032557155996267,-1.182614202635927,,,,,,,,,,,,,,,,,,,,,,,,,,,,,,,,,,,,,,,,,,,,,,,,,,,,,,,,,,,,,,,,,,,,,,,,,,,,,,,,,,,,,,,,,,,,,,,,,,,,,,,,,
1,,,,,,,,,,,,,,,,,,,,,,0.1314117647058824,-5.336,7.032,3.2554097961971658,3.352864504025318,0.40084155306397595,-0.6151707778262034,,,,,,,,,,,,,,,,,,,,,,,,,,,,,,,,,,,,,,,,,,,,,,,,,,,,,,,,,,,,,,,,,,,,,,,,,,,,,,,,,,,,,,,,,,,,,,,,,,
1,,,,,,,,,,,,,,,,,,,,,,,,,,,,,2.2808235294117654,-3.4920000000000004,11.096000000000002,4.769745115893326,4.317995140040314,0.7160394050160616,-0.7830279270400324,,,,,,,,,,,,,,,,,,,,,,,,,,,,,,,,,,,,,,,,,,,,,,,,,,,,,,,,,,,,,,,,,,,,,,,,,,,,,,,,,,,,,,,,,,,
1,,,,,,,,,,,,,,,,,,,,,,,,,,,,,,,,,,,,0.23352941176470585,-6.15,4.7620000000000005,2.545963679792689,2.6132560656594452,-0.744166287170044,0.5503239264572732,,,,,,,,,,,,,,,,,,,,,,,,,,,,,,,,,,,,,,,,,,,,,,,,,,,,,,,,,,,,,,,,,,,,,,,,,,,,,,,,,,,,
1,,,,,,,,,,,,,,,,,,,,,,,,,,,,,,,,,,,,,,,,,,,-0.7818823529411766,-0.8500000000000001,-0.732,0.7830200959031864,0.0434940834380683,-0.6500934298848695,-1.240692160432203,,,,,,,,,,,,,,,,,,,,,,,,,,,,,,,,,,,,,,,,,,,,,,,,,,,,,,,,,,,,,,,,,,,,,,,,,,,,,
1,,,,,,,,,,,,,,,,,,,,,,,,,,,,,,,,,,,,,,,,,,,,,,,,,,-0.006588235294117652,-0.04,0.018,0.018597912596342,0.017927140121647298,-0.6820246801915103,-0.8284962598072885,,,,,,,,,,,,,,,,,,,,,,,,,,,,,,,,,,,,,,,,,,,,,,,,,,,,,,,,,,,,,,,,,,,,,,
1,,,,,,,,,,,,,,,,,,,,,,,,,,,,,,,,,,,,,,,,,,,,,,,,,,,,,,,,,-0.6287058823529412,-0.6880000000000001,-0.586,0.6295884743694278,0.0343506999671811,-0.5830962577881761,-1.118489331336414,,,,,,,,,,,,,,,,,,,,,,,,,,,,,,,,,,,,,,,,,,,,,,,,,,,,,,,,,,,,,,,
1,,,,,,,,,,,,,,,,,,,,,,,,,,,,,,,,,,,,,,,,,,,,,,,,,,,,,,,,,,,,,,,,-1.8098823529411763,-5.286,2.61,2.5457604896353145,1.8454128901939852,0.12809949186629394,0.7140943920795699,,,,,,,,,,,,,,,,,,,,,,,,,,,,,,,,,,,,,,,,,,,,,,,,,,,,,,,,
1,,,,,,,,,,,,,,,,,,,,,,,,,,,,,,,,,,,,,,,,,,,,,,,,,,,,,,,,,,,,,,,,,,,,,,,0.08482352941176446,-8.998000000000001,7.787999999999999,4.615599304659848,4.756847383447546,-0.33437213953120404,-0.7314184255016989,,,,,,,,,,,,,,,,,,,,,,,,,,,,,,,,,,,,,,,,,,,,,,,,,
1,,,,,,,,,,,,,,,,,,,,,,,,,,,,,,,,,,,,,,,,,,,,,,,,,,,,,,,,,,,,,,,,,,,,,,,,,,,,,,2.6504705882352946,-2.3920000000000003,8.656,3.9661731741136603,3.0413206448360364,0.41787031657273616,-0.8393330812986362,,,,,,,,,,,,,,,,,,,,,,,,,,,,,,,,,,,,,,,,,,
1,,,,,,,,,,,,,,,,,,,,,,,,,,,,,,,,,,,,,,,,,,,,,,,,,,,,,,,,,,,,,,,,,,,,,,,,,,,,,,,,,,,,,-0.7536470588235294,-0.94,-0.6339999999999999,0.7591909005839123,0.09439871634221952,-0.41679494151699986,-0.9797637323342374,,,,,,,,,,,,,,,,,,,,,,,,,,,,,,,,,,,
1,,,,,,,,,,,,,,,,,,,,,,,,,,,,,,,,,,,,,,,,,,,,,,,,,,,,,,,,,,,,,,,,,,,,,,,,,,,,,,,,,,,,,,,,,,,,-0.3771764705882353,-0.44,-0.292,0.3790831043452082,0.03914114729750147,0.38605764391719,-0.40807233381555097,,,,,,,,,,,,,,,,,,,,,,,,,,,,
1,,,,,,,,,,,,,,,,,,,,,,,,,,,,,,,,,,,,,,,,,,,,,,,,,,,,,,,,,,,,,,,,,,,,,,,,,,,,,,,,,,,,,,,,,,,,,,,,,,,0.45117647058823535,0.154,0.6460000000000001,0.47164168852312155,0.1416546130973669,-0.47148560601096423,-0.7908770922472614,,,,,,,,,,,,,,,,,,,,,
1,,,,,,,,,,,,,,,,,,,,,,,,,,,,,,,,,,,,,,,,,,,,,,,,,,,,,,,,,,,,,,,,,,,,,,,,,,,,,,,,,,,,,,,,,,,,,,,,,,,,,,,,,,0.4077647058823512,-26.464,19.056,14.532651642584224,14.974016576763114,-0.7230610358830806,-0.8208372871289686,,,,,,,,,,,,,,
1,,,,,,,,,,,,,,,,,,,,,,,,,,,,,,,,,,,,,,,,,,,,,,,,,,,,,,,,,,,,,,,,,,,,,,,,,,,,,,,,,,,,,,,,,,,,,,,,,,,,,,,,,,,,,,,,,1.8336470588235307,-30.286,54.748000000000005,24.27240675916488,24.94792947556264,0.8547336707831004,-0.4853069185671175,,,,,,,
1,,,,,,,,,,,,,,,,,,,,,,,,,,,,,,,,,,,,,,,,,,,,,,,,,,,,,,,,,,,,,,,,,,,,,,,,,,,,,,,,,,,,,,,,,,,,,,,,,,,,,,,,,,,,,,,,,,,,,,,,3.3151764705882356,-6.774,23.034,9.114493319465884,8.751503758178462,0.7995295861352398,-0.3725774480008477
1,-0.004749999999999988,-0.034,0.016,0.01849324200890692,0.018458963495639,-0.3175276331561968,-1.5226324643970166,,,,,,,,,,,,,,,,,,,,,,,,,,,,,,,,,,,,,,,,,,,,,,,,,,,,,,,,,,,,,,,,,,,,,,,,,,,,,,,,,,,,,,,,,,,,,,,,,,,,,,,,,,,,,,,,,,,,,,,
1,,,,,,,,-0.6816250000000001,-0.7000000000000001,-0.648,0.6817340023792271,0.012590340212506844,1.0726597479848765,1.2660530053127914,,,,,,,,,,,,,,,,,,,,,,,,,,,,,,,,,,,,,,,,,,,,,,,,,,,,,,,,,,,,,,,,,,,,,,,,,,,,,,,,,,,,,,,,,,,,,,,,,,,,,,,,,,,,,,,,
1,,,,,,,,,,,,,,,-0.7036250000000001,-0.7360000000000001,-0.684,0.7038677077405953,0.01908882744783801,-0.7529255177794043,-1.1156190131362145,,,,,,,,,,,,,,,,,,,,,,,,,,,,,,,,,,,,,,,,,,,,,,,,,,,,,,,,,,,,,,,,,,,,,,,,,,,,,,,,,,,,,,,,,,,,,,,,,,,,,,,,,
1,,,,,,,,,,,,,,,,,,,,,,0.8569999999999997,-5.336,6.287999999999999,3.494878538661966,3.4992916616557315,0.0989215993564988,-0.8953011540833469,,,,,,,,,,,,,,,,,,,,,,,,,,,,,,,,,,,,,,,,,,,,,,,,,,,,,,,,,,,,,,,,,,,,,,,,,,,,,,,,,,,,,,,,,,,,,,,,,,
1,,,,,,,,,,,,,,,,,,,,,,,,,,,,,1.4331250000000009,-3.784,11.096000000000002,4.681871394004753,4.603311559808512,0.77776948049573,-0.7051535537503066,,,,,,,,,,,,,,,,,,,,,,,,,,,,,,,,,,,,,,,,,,,,,,,,,,,,,,,,,,,,,,,,,,,,,,,,,,,,,,,,,,,,,,,,,,,
1,,,,,,,,,,,,,,,,,,,,,,,,,,,,,,,,,,,,-0.5368750000000002,-6.604000000000001,4.7620000000000005,2.9810976585814832,3.0285236860006015,-0.28919749135593853,-0.6357435677444587,,,,,,,,,,,,,,,,,,,,,,,,,,,,,,,,,,,,,,,,,,,,,,,,,,,,,,,,,,,,,,,,,,,,,,,,,,,,,,,,,,,,
1,,,,,,,,,,,,,,,,,,,,,,,,,,,,,,,,,,,,,,,,,,,-0.759125,-0.79,-0.732,0.759300171210306,0.016843891078568127,0.14744789944979694,-1.0247287406343293,,,,,,,,,,,,,,,,,,,,,,,,,,,,,,,,,,,,,,,,,,,,,,,,,,,,,,,,,,,,,,,,,,,,,,,,,,,,,
1,,,,,,,,,,,,,,,,,,,,,,,,,,,,,,,,,,,,,,,,,,,,,,,,,,-0.013375000000000007,-0.04,0.018,0.021065374432940896,0.016808232110090176,0.03216471583709131,-0.9344766519853476,,,,,,,,,,,,,,,,,,,,,,,,,,,,,,,,,,,,,,,,,,,,,,,,,,,,,,,,,,,,,,,,,,,,,,
1,,,,,,,,,,,,,,,,,,,,,,,,,,,,,,,,,,,,,,,,,,,,,,,,,,,,,,,,,-0.622375,-0.656,-0.596,0.6226987634482664,0.020736039480415108,-0.2962822499694159,-1.3824214553883138,,,,,,,,,,,,,,,,,,,,,,,,,,,,,,,,,,,,,,,,,,,,,,,,,,,,,,,,,,,,,,,
1,,,,,,,,,,,,,,,,,,,,,,,,,,,,,,,,,,,,,,,,,,,,,,,,,,,,,,,,,,,,,,,,-0.853625,-2.4639999999999995,1.244,1.2685396130984636,0.9691327308475346,0.3653169640028636,-0.35848312087901046,,,,,,,,,,,,,,,,,,,,,,,,,,,,,,,,,,,,,,,,,,,,,,,,,,,,,,,,
1,,,,,,,,,,,,,,,,,,,,,,,,,,,,,,,,,,,,,,,,,,,,,,,,,,,,,,,,,,,,,,,,,,,,,,,-0.5006250000000002,-7.482000000000001,7.787999999999999,4.4136430247585725,4.528972729365163,0.14279530895005055,-0.7887970836712972,,,,,,,,,,,,,,,,,,,,,,,,,,,,,,,,,,,,,,,,,,,,,,,,,
1,,,,,,,,,,,,,,,,,,,,,,,,,,,,,,,,,,,,,,,,,,,,,,,,,,,,,,,,,,,,,,,,,,,,,,,,,,,,,,0.6305,-4.0520000000000005,6.702,3.2388060300055024,3.281029797690557,0.3520591136412629,-0.7094676957750803,,,,,,,,,,,,,,,,,,,,,,,,,,,,,,,,,,,,,,,,,,
1,,,,,,,,,,,,,,,,,,,,,,,,,,,,,,,,,,,,,,,,,,,,,,,,,,,,,,,,,,,,,,,,,,,,,,,,,,,,,,,,,,,,,-0.723875,-0.8880000000000001,-0.604,0.7303932160144972,0.10055437998085086,-0.27132212598574074,-1.4327558237357456,,,,,,,,,,,,,,,,,,,,,,,,,,,,,,,,,,,
1,,,,,,,,,,,,,,,,,,,,,,,,,,,,,,,,,,,,,,,,,,,,,,,,,,,,,,,,,,,,,,,,,,,,,,,,,,,,,,,,,,,,,,,,,,,,-0.371625,-0.44,-0.272,0.37461079802910113,0.04875089742763717,0.5108988309174831,-0.7819040702845261,,,,,,,,,,,,,,,,,,,,,,,,,,,,
1,,,,,,,,,,,,,,,,,,,,,,,,,,,,,,,,,,,,,,,,,,,,,,,,,,,,,,,,,,,,,,,,,,,,,,,,,,,,,,,,,,,,,,,,,,,,,,,,,,,0.5,0.254,0.6460000000000001,0.5177653908866447,0.13887548379753717,-0.4802780911781123,-1.3159902629051052,,,,,,,,,,,,,,,,,,,,,
1,,,,,,,,,,,,,,,,,,,,,,,,,,,,,,,,,,,,,,,,,,,,,,,,,,,,,,,,,,,,,,,,,,,,,,,,,,,,,,,,,,,,,,,,,,,,,,,,,,,,,,,,,,-1.0946249999999997,-33.118,19.056,16.13734828743558,16.628194718108556,-0.7764887382893387,-0.7936619125016451,,,,,,,,,,,,,,
1,,,,,,,,,,,,,,,,,,,,,,,,,,,,,,,,,,,,,,,,,,,,,,,,,,,,,,,,,,,,,,,,,,,,,,,,,,,,,,,,,,,,,,,,,,,,,,,,,,,,,,,,,,,,,,,,,2.9266250000000005,-30.286,55.556,25.557574117079266,26.222117094480886,0.7084203102078913,-0.76579084791969,,,,,,,
1,,,,,,,,,,,,,,,,,,,,,,,,,,,,,,,,,,,,,,,,,,,,,,,,,,,,,,,,,,,,,,,,,,,,,,,,,,,,,,,,,,,,,,,,,,,,,,,,,,,,,,,,,,,,,,,,,,,,,,,,5.1221250000000005,-6.774,18.52,9.410932060640965,8.153819733719896,0.15311707417640713,-1.1400839968635492
1,-0.010588235294117622,-0.034,0.016,0.017190968901277946,0.013960026967781137,0.26242467884689163,-0.49688574193313206,,,,,,,,,,,,,,,,,,,,,,,,,,,,,,,,,,,,,,,,,,,,,,,,,,,,,,,,,,,,,,,,,,,,,,,,,,,,,,,,,,,,,,,,,,,,,,,,,,,,,,,,,,,,,,,,,,,,,,,
1,,,,,,,,-0.6871764705882353,-0.7180000000000001,-0.648,0.6873261063502449,0.014782740333399155,0.416402751468469,1.8588196881073928,,,,,,,,,,,,,,,,,,,,,,,,,,,,,,,,,,,,,,,,,,,,,,,,,,,,,,,,,,,,,,,,,,,,,,,,,,,,,,,,,,,,,,,,,,,,,,,,,,,,,,,,,,,,,,,,
1,,,,,,,,,,,,,,,-0.7060000000000001,-0.7360000000000001,-0.682,0.7062232608160448,0.018303005217723135,-0.4957606258052705,-1.2212296725328593,,,,,,,,,,,,,,,,,,,,,,,,,,,,,,,,,,,,,,,,,,,,,,,,,,,,,,,,,,,,,,,,,,,,,,,,,,,,,,,,,,,,,,,,,,,,,,,,,,,,,,,,,
1,,,,,,,,,,,,,,,,,,,,,,1.2848235294117645,-2.392,6.287999999999999,3.0039450531514285,2.798878619985469,0.6934282078245548,-0.8932062921680806,,,,,,,,,,,,,,,,,,,,,,,,,,,,,,,,,,,,,,,,,,,,,,,,,,,,,,,,,,,,,,,,,,,,,,,,,,,,,,,,,,,,,,,,,,,,,,,,,,
1,,,,,,,,,,,,,,,,,,,,,,,,,,,,,-0.1490588235294118,-3.784,5.642,3.022561866247591,3.1117945881474136,0.7292930607601676,-0.8853992917504843,,,,,,,,,,,,,,,,,,,,,,,,,,,,,,,,,,,,,,,,,,,,,,,,,,,,,,,,,,,,,,,,,,,,,,,,,,,,,,,,,,,,,,,,,,,
1,,,,,,,,,,,,,,,,,,,,,,,,,,,,,,,,,,,,-0.35541176470588254,-6.604000000000001,4.224,3.0187112559929985,3.0899747381415508,-0.33706416259697425,-0.8350770947170929,,,,,,,,,,,,,,,,,,,,,,,,,,,,,,,,,,,,,,,,,,,,,,,,,,,,,,,,,,,,,,,,,,,,,,,,,,,,,,,,,,,,
1,,,,,,,,,,,,,,,,,,,,,,,,,,,,,,,,,,,,,,,,,,,-0.7695294117647059,-0.804,-0.7340000000000001,0.7696796889157281,0.015676884444377096,0.007204080907977903,0.6853569015112773,,,,,,,,,,,,,,,,,,,,,,,,,,,,,,,,,,,,,,,,,,,,,,,,,,,,,,,,,,,,,,,,,,,,,,,,,,,,,
1,,,,,,,,,,,,,,,,,,,,,,,,,,,,,,,,,,,,,,,,,,,,,,,,,,-0.008,-0.032,0.03,0.01945129664512036,0.018275666882497064,0.3394226552575104,-0.6186803040625333,,,,,,,,,,,,,,,,,,,,,,,,,,,,,,,,,,,,,,,,,,,,,,,,,,,,,,,,,,,,,,,,,,,,,,
1,,,,,,,,,,,,,,,,,,,,,,,,,,,,,,,,,,,,,,,,,,,,,,,,,,,,,,,,,-0.6309411764705883,-0.658,-0.596,0.631226443940217,0.01955911101071346,0.3252540169274317,-1.073529553362951,,,,,,,,,,,,,,,,,,,,,,,,,,,,,,,,,,,,,,,,,,,,,,,,,,,,,,,,,,,,,,,
1,,,,,,,,,,,,,,,,,,,,,,,,,,,,,,,,,,,,,,,,,,,,,,,,,,,,,,,,,,,,,,,,-0.9818823529411764,-2.576,1.244,1.4073410891381204,1.039253691498913,0.34073771655087126,-0.5044900102243823,,,,,,,,,,,,,,,,,,,,,,,,,,,,,,,,,,,,,,,,,,,,,,,,,,,,,,,,
1,,,,,,,,,,,,,,,,,,,,,,,,,,,,,,,,,,,,,,,,,,,,,,,,,,,,,,,,,,,,,,,,,,,,,,,-1.449294117647059,-7.482000000000001,2.04,3.3710292720386126,3.13725141972846,-0.741175755744232,-0.6419308293905615,,,,,,,,,,,,,,,,,,,,,,,,,,,,,,,,,,,,,,,,,,,,,,,,,
1,,,,,,,,,,,,,,,,,,,,,,,,,,,,,,,,,,,,,,,,,,,,,,,,,,,,,,,,,,,,,,,,,,,,,,,,,,,,,,0.6588235294117647,-4.0520000000000005,5.128,2.721093465329485,2.7213866005056624,-0.4454583702408568,-0.8001042638072815,,,,,,,,,,,,,,,,,,,,,,,,,,,,,,,,,,,,,,,,,,
1,,,,,,,,,,,,,,,,,,,,,,,,,,,,,,,,,,,,,,,,,,,,,,,,,,,,,,,,,,,,,,,,,,,,,,,,,,,,,,,,,,,,,-0.7020000000000001,-0.8880000000000001,-0.5780000000000001,0.7086392926297721,0.09975469913743414,-0.43938931143308235,-1.1181711247336854,,,,,,,,,,,,,,,,,,,,,,,,,,,,,,,,,,,
1,,,,,,,,,,,,,,,,,,,,,,,,,,,,,,,,,,,,,,,,,,,,,,,,,,,,,,,,,,,,,,,,,,,,,,,,,,,,,,,,,,,,,,,,,,,,-0.35105882352941176,-0.4200000000000001,-0.272,0.35326110989564913,0.04059629076072608,-0.09087135213377104,-0.6945484456699247,,,,,,,,,,,,,,,,,,,,,,,,,,,,
1,,,,,,,,,,,,,,,,,,,,,,,,,,,,,,,,,,,,,,,,,,,,,,,,,,,,,,,,,,,,,,,,,,,,,,,,,,,,,,,,,,,,,,,,,,,,,,,,,,,0.5394117647058825,0.254,0.7100000000000001,0.5543787195644169,0.13188586866279944,-0.7676380498444839,-0.563009944451422,,,,,,,,,,,,,,,,,,,,,
1,,,,,,,,,,,,,,,,,,,,,,,,,,,,,,,,,,,,,,,,,,,,,,,,,,,,,,,,,,,,,,,,,,,,,,,,,,,,,,,,,,,,,,,,,,,,,,,,,,,,,,,,,,0.17823529411764732,-33.118,19.374,17.03624168026021,17.55959489684134,-0.6674732520181311,-0.9788102323123522,,,,,,,,,,,,,,
1,,,,,,,,,,,,,,,,,,,,,,,,,,,,,,,,,,,,,,,,,,,,,,,,,,,,,,,,,,,,,,,,,,,,,,,,,,,,,,,,,,,,,,,,,,,,,,,,,,,,,,,,,,,,,,,,,3.213529411764706,-29.750000000000004,55.556,26.375235555123208,26.984424614297524,0.5401121505238894,-0.9316232409413994,,,,,,,
1,,,,,,,,,,,,,,,,,,,,,,,,,,,,,,,,,,,,,,,,,,,,,,,,,,,,,,,,,,,,,,,,,,,,,,,,,,,,,,,,,,,,,,,,,,,,,,,,,,,,,,,,,,,,,,,,,,,,,,,,4.0674117647058825,-7.652,18.52,8.837898432652548,8.087793171338703,0.3532722930505438,-1.0996096680964376
1,-0.012235294117647042,-0.034,0.0,0.015612965954050905,0.009997058390876208,-0.8103273395289833,-0.32705290755459515,,,,,,,,,,,,,,,,,,,,,,,,,,,,,,,,,,,,,,,,,,,,,,,,,,,,,,,,,,,,,,,,,,,,,,,,,,,,,,,,,,,,,,,,,,,,,,,,,,,,,,,,,,,,,,,,,,,,,,,
1,,,,,,,,-0.6837647058823529,-0.7220000000000001,-0.62,0.684234909782237,0.026142707902407296,0.8462528679186784,0.4450561030404532,,,,,,,,,,,,,,,,,,,,,,,,,,,,,,,,,,,,,,,,,,,,,,,,,,,,,,,,,,,,,,,,,,,,,,,,,,,,,,,,,,,,,,,,,,,,,,,,,,,,,,,,,,,,,,,,
1,,,,,,,,,,,,,,,-0.7028235294117647,-0.7220000000000001,-0.682,0.7029102528270674,0.011381098882124971,-0.30478353983711715,-0.7165666523126126,,,,,,,,,,,,,,,,,,,,,,,,,,,,,,,,,,,,,,,,,,,,,,,,,,,,,,,,,,,,,,,,,,,,,,,,,,,,,,,,,,,,,,,,,,,,,,,,,,,,,,,,,
1,,,,,,,,,,,,,,,,,,,,,,-0.6967058823529413,-3.662,1.334,1.7236922067264246,1.6251378312587013,-0.4950818001950914,-0.9659959657505888,,,,,,,,,,,,,,,,,,,,,,,,,,,,,,,,,,,,,,,,,,,,,,,,,,,,,,,,,,,,,,,,,,,,,,,,,,,,,,,,,,,,,,,,,,,,,,,,,,
1,,,,,,,,,,,,,,,,,,,,,,,,,,,,,-1.8316470588235296,-11.098,5.642,4.902657598630743,4.687610331250569,-0.47717672637580444,-0.3614932908170063,,,,,,,,,,,,,,,,,,,,,,,,,,,,,,,,,,,,,,,,,,,,,,,,,,,,,,,,,,,,,,,,,,,,,,,,,,,,,,,,,,,,,,,,,,,
1,,,,,,,,,,,,,,,,,,,,,,,,,,,,,,,,,,,,0.5992941176470588,-3.0520000000000005,4.224,2.1702792447056214,2.150091502840806,-0.04885321543348559,-0.9548128070025328,,,,,,,,,,,,,,,,,,,,,,,,,,,,,,,,,,,,,,,,,,,,,,,,,,,,,,,,,,,,,,,,,,,,,,,,,,,,,,,,,,,,
1,,,,,,,,,,,,,,,,,,,,,,,,,,,,,,,,,,,,,,,,,,,-0.7708235294117649,-0.804,-0.7300000000000001,0.7710619109956317,0.019761817015768214,0.059960224011568,-0.474783943514705,,,,,,,,,,,,,,,,,,,,,,,,,,,,,,,,,,,,,,,,,,,,,,,,,,,,,,,,,,,,,,,,,,,,,,,,,,,,,
1,,,,,,,,,,,,,,,,,,,,,,,,,,,,,,,,,,,,,,,,,,,,,,,,,,-0.013764705882352934,-0.032,0.03,0.022973130084565162,0.018958933948684677,1.0757975107903743,-0.029059135875429742,,,,,,,,,,,,,,,,,,,,,,,,,,,,,,,,,,,,,,,,,,,,,,,,,,,,,,,,,,,,,,,,,,,,,,
1,,,,,,,,,,,,,,,,,,,,,,,,,,,,,,,,,,,,,,,,,,,,,,,,,,,,,,,,,-0.626,-0.658,-0.608,0.6261311646085967,0.013209844813622917,-0.9779577787624665,0.24218602474528206,,,,,,,,,,,,,,,,,,,,,,,,,,,,,,,,,,,,,,,,,,,,,,,,,,,,,,,,,,,,,,,
1,,,,,,,,,,,,,,,,,,,,,,,,,,,,,,,,,,,,,,,,,,,,,,,,,,,,,,,,,,,,,,,,-0.2956470588235294,-2.576,3.002,1.6776714254479947,1.7022404699827398,0.7379356092119691,-0.6199740092744386,,,,,,,,,,,,,,,,,,,,,,,,,,,,,,,,,,,,,,,,,,,,,,,,,,,,,,,,
1,,,,,,,,,,,,,,,,,,,,,,,,,,,,,,,,,,,,,,,,,,,,,,,,,,,,,,,,,,,,,,,,,,,,,,,-0.5535294117647059,-4.392,2.04,2.2144961450566103,2.210191906759656,-0.45748188192959593,-1.195751922799898,,,,,,,,,,,,,,,,,,,,,,,,,,,,,,,,,,,,,,,,,,,,,,,,,
1,,,,,,,,,,,,,,,,,,,,,,,,,,,,,,,,,,,,,,,,,,,,,,,,,,,,,,,,,,,,,,,,,,,,,,,,,,,,,,-0.3609411764705881,-7.542,5.128,4.062565575941332,4.171036508929589,-0.724006797235268,-0.9318468198280301,,,,,,,,,,,,,,,,,,,,,,,,,,,,,,,,,,,,,,,,,,
1,,,,,,,,,,,,,,,,,,,,,,,,,,,,,,,,,,,,,,,,,,,,,,,,,,,,,,,,,,,,,,,,,,,,,,,,,,,,,,,,,,,,,-0.7077647058823531,-0.8740000000000001,-0.5660000000000001,0.7159152102276457,0.11103576530321475,-0.28414389676914376,-1.4027935651689194,,,,,,,,,,,,,,,,,,,,,,,,,,,,,,,,,,,
1,,,,,,,,,,,,,,,,,,,,,,,,,,,,,,,,,,,,,,,,,,,,,,,,,,,,,,,,,,,,,,,,,,,,,,,,,,,,,,,,,,,,,,,,,,,,-0.34905882352941175,-0.4200000000000001,-0.28,0.3510384594314418,0.03837393416799238,-0.2569230446319164,-0.6053938181222907,,,,,,,,,,,,,,,,,,,,,,,,,,,,
1,,,,,,,,,,,,,,,,,,,,,,,,,,,,,,,,,,,,,,,,,,,,,,,,,,,,,,,,,,,,,,,,,,,,,,,,,,,,,,,,,,,,,,,,,,,,,,,,,,,0.5428235294117648,0.302,0.7340000000000001,0.5623588973349357,0.1514580120421654,-0.4185313456085738,-1.264970797236847,,,,,,,,,,,,,,,,,,,,,
1,,,,,,,,,,,,,,,,,,,,,,,,,,,,,,,,,,,,,,,,,,,,,,,,,,,,,,,,,,,,,,,,,,,,,,,,,,,,,,,,,,,,,,,,,,,,,,,,,,,,,,,,,,4.433176470588235,-25.390000000000004,21.644,16.522181041041197,16.40617265023783,-0.7383571273350638,-1.00115753455232,,,,,,,,,,,,,,
1,,,,,,,,,,,,,,,,,,,,,,,,,,,,,,,,,,,,,,,,,,,,,,,,,,,,,,,,,,,,,,,,,,,,,,,,,,,,,,,,,,,,,,,,,,,,,,,,,,,,,,,,,,,,,,,,,1.2331764705882349,-29.750000000000004,41.83200000000001,22.15911380687148,22.805694475928853,0.37531528191914787,-0.91339317680931,,,,,,,
1,,,,,,,,,,,,,,,,,,,,,,,,,,,,,,,,,,,,,,,,,,,,,,,,,,,,,,,,,,,,,,,,,,,,,,,,,,,,,,,,,,,,,,,,,,,,,,,,,,,,,,,,,,,,,,,,,,,,,,,,1.1830588235294117,-7.652,11.902,6.427439083839737,6.512055478788823,0.6496790623876738,-1.047553499247832
1,-0.010249999999999999,-0.036,0.014,0.01881488772222678,0.016295193565384038,-0.4988400300817642,-1.0707504130818601,,,,,,,,,,,,,,,,,,,,,,,,,,,,,,,,,,,,,,,,,,,,,,,,,,,,,,,,,,,,,,,,,,,,,,,,,,,,,,,,,,,,,,,,,,,,,,,,,,,,,,,,,,,,,,,,,,,,,,,
1,,,,,,,,-0.6857500000000001,-0.7280000000000001,-0.62,0.6864375426795944,0.03172275734127371,0.6076455858355045,-0.6862338764066918,,,,,,,,,,,,,,,,,,,,,,,,,,,,,,,,,,,,,,,,,,,,,,,,,,,,,,,,,,,,,,,,,,,,,,,,,,,,,,,,,,,,,,,,,,,,,,,,,,,,,,,,,,,,,,,,
1,,,,,,,,,,,,,,,-0.7023750000000001,-0.732,-0.676,0.7025416357768414,0.015802425974092295,-0.09438084141443681,-0.8518088815859723,,,,,,,,,,,,,,,,,,,,,,,,,,,,,,,,,,,,,,,,,,,,,,,,,,,,,,,,,,,,,,,,,,,,,,,,,,,,,,,,,,,,,,,,,,,,,,,,,,,,,,,,,
1,,,,,,,,,,,,,,,,,,,,,,-2.350625,-10.302,2.686,4.185514633829393,3.5766792582878697,-0.43779348406862195,-0.4532766793216769,,,,,,,,,,,,,,,,,,,,,,,,,,,,,,,,,,,,,,,,,,,,,,,,,,,,,,,,,,,,,,,,,,,,,,,,,,,,,,,,,,,,,,,,,,,,,,,,,,
1,,,,,,,,,,,,,,,,,,,,,,,,,,,,,-0.8571249999999997,-11.098,7.372000000000002,5.512289655850825,5.623823039830942,-0.4066153988581479,-0.8476114042373091,,,,,,,,,,,,,,,,,,,,,,,,,,,,,,,,,,,,,,,,,,,,,,,,,,,,,,,,,,,,,,,,,,,,,,,,,,,,,,,,,,,,,,,,,,,
1,,,,,,,,,,,,,,,,,,,,,,,,,,,,,,,,,,,,0.9704999999999999,-3.0520000000000005,4.98,2.4937313407823227,2.3724700489855155,-0.15491089211770856,-1.0557766831810096,,,,,,,,,,,,,,,,,,,,,,,,,,,,,,,,,,,,,,,,,,,,,,,,,,,,,,,,,,,,,,,,,,,,,,,,,,,,,,,,,,,,
1,,,,,,,,,,,,,,,,,,,,,,,,,,,,,,,,,,,,,,,,,,,-0.764375,-0.8000000000000002,-0.7060000000000001,0.7647517571081482,0.02478944667931634,0.6273296841262823,0.12258095539113967,,,,,,,,,,,,,,,,,,,,,,,,,,,,,,,,,,,,,,,,,,,,,,,,,,,,,,,,,,,,,,,,,,,,,,,,,,,,,
1,,,,,,,,,,,,,,,,,,,,,,,,,,,,,,,,,,,,,,,,,,,,,,,,,,-0.013749999999999991,-0.032,0.014,0.01917028951268081,0.013796134724383255,0.5559527647759427,-0.7780761315294731,,,,,,,,,,,,,,,,,,,,,,,,,,,,,,,,,,,,,,,,,,,,,,,,,,,,,,,,,,,,,,,,,,,,,,
1,,,,,,,,,,,,,,,,,,,,,,,,,,,,,,,,,,,,,,,,,,,,,,,,,,,,,,,,,-0.620125,-0.642,-0.608,0.620182835944369,0.008747380560297283,-0.8502790004272283,0.6351784179372872,,,,,,,,,,,,,,,,,,,,,,,,,,,,,,,,,,,,,,,,,,,,,,,,,,,,,,,,,,,,,,,
1,,,,,,,,,,,,,,,,,,,,,,,,,,,,,,,,,,,,,,,,,,,,,,,,,,,,,,,,,,,,,,,,0.33275,-2.0280000000000005,3.002,1.427743324270858,1.43396083163616,0.42598988045924613,-0.6202228458965289,,,,,,,,,,,,,,,,,,,,,,,,,,,,,,,,,,,,,,,,,,,,,,,,,,,,,,,,
1,,,,,,,,,,,,,,,,,,,,,,,,,,,,,,,,,,,,,,,,,,,,,,,,,,,,,,,,,,,,,,,,,,,,,,,1.008125,-4.392,8.18,4.030785128234944,4.030670777509206,0.33349190944262647,-1.0216026937820135,,,,,,,,,,,,,,,,,,,,,,,,,,,,,,,,,,,,,,,,,,,,,,,,,
1,,,,,,,,,,,,,,,,,,,,,,,,,,,,,,,,,,,,,,,,,,,,,,,,,,,,,,,,,,,,,,,,,,,,,,,,,,,,,,-0.22849999999999993,-7.542,6.618,4.634701824281687,4.7808784409004454,-0.23742603458534325,-1.1224201825740765,,,,,,,,,,,,,,,,,,,,,,,,,,,,,,,,,,,,,,,,,,
1,,,,,,,,,,,,,,,,,,,,,,,,,,,,,,,,,,,,,,,,,,,,,,,,,,,,,,,,,,,,,,,,,,,,,,,,,,,,,,,,,,,,,-0.722875,-0.8800000000000001,-0.5660000000000001,0.730418886667096,0.10814057209638452,-0.22962213137875306,-1.3438174622580727,,,,,,,,,,,,,,,,,,,,,,,,,,,,,,,,,,,
1,,,,,,,,,,,,,,,,,,,,,,,,,,,,,,,,,,,,,,,,,,,,,,,,,,,,,,,,,,,,,,,,,,,,,,,,,,,,,,,,,,,,,,,,,,,,-0.357125,-0.402,-0.28,0.3588610455315539,0.03641222322242903,0.6986342773496221,-0.5720622597526548,,,,,,,,,,,,,,,,,,,,,,,,,,,,
1,,,,,,,,,,,,,,,,,,,,,,,,,,,,,,,,,,,,,,,,,,,,,,,,,,,,,,,,,,,,,,,,,,,,,,,,,,,,,,,,,,,,,,,,,,,,,,,,,,,0.5275000000000001,0.302,0.7340000000000001,0.5468697285460222,0.14898859016716687,-0.3312466554702468,-1.2836037124246646,,,,,,,,,,,,,,,,,,,,,
1,,,,,,,,,,,,,,,,,,,,,,,,,,,,,,,,,,,,,,,,,,,,,,,,,,,,,,,,,,,,,,,,,,,,,,,,,,,,,,,,,,,,,,,,,,,,,,,,,,,,,,,,,,5.241500000000002,-25.390000000000004,26.552000000000007,17.72490440030637,17.487486230635515,-0.6169818360701156,-1.0487615774896726,,,,,,,,,,,,,,
1,,,,,,,,,,,,,,,,,,,,,,,,,,,,,,,,,,,,,,,,,,,,,,,,,,,,,,,,,,,,,,,,,,,,,,,,,,,,,,,,,,,,,,,,,,,,,,,,,,,,,,,,,,,,,,,,,-2.476749999999999,-42.552,41.83200000000001,23.268750965619105,23.895338032065304,0.376180719295475,-0.6727563901231788,,,,,,,
1,,,,,,,,,,,,,,,,,,,,,,,,,,,,,,,,,,,,,,,,,,,,,,,,,,,,,,,,,,,,,,,,,,,,,,,,,,,,,,,,,,,,,,,,,,,,,,,,,,,,,,,,,,,,,,,,,,,,,,,,1.293625,-11.096,11.902,6.619776790043605,6.705061102132726,0.10701712368508855,-0.7334448147953112
1,-0.0019999999999999875,-0.036,0.014,0.013983183177113348,0.0142653426176871,-1.513676894398171,1.5421010691281065,,,,,,,,,,,,,,,,,,,,,,,,,,,,,,,,,,,,,,,,,,,,,,,,,,,,,,,,,,,,,,,,,,,,,,,,,,,,,,,,,,,,,,,,,,,,,,,,,,,,,,,,,,,,,,,,,,,,,,,
1,,,,,,,,-0.6627058823529411,-0.7280000000000001,-0.5720000000000001,0.6642740398359701,0.0470209590314287,0.4454229478588508,-0.9712591184996975,,,,,,,,,,,,,,,,,,,,,,,,,,,,,,,,,,,,,,,,,,,,,,,,,,,,,,,,,,,,,,,,,,,,,,,,,,,,,,,,,,,,,,,,,,,,,,,,,,,,,,,,,,,,,,,,
1,,,,,,,,,,,,,,,-0.7056470588235295,-0.7460000000000001,-0.676,0.7059268417352842,0.020484570951299505,-0.4848096320308118,-0.7764552663730178,,,,,,,,,,,,,,,,,,,,,,,,,,,,,,,,,,,,,,,,,,,,,,,,,,,,,,,,,,,,,,,,,,,,,,,,,,,,,,,,,,,,,,,,,,,,,,,,,,,,,,,,,
1,,,,,,,,,,,,,,,,,,,,,,-2.0988235294117645,-10.302,7.654000000000001,5.176833008703294,4.877929738056071,0.3088509075043625,-0.7340840469878356,,,,,,,,,,,,,,,,,,,,,,,,,,,,,,,,,,,,,,,,,,,,,,,,,,,,,,,,,,,,,,,,,,,,,,,,,,,,,,,,,,,,,,,,,,,,,,,,,,
1,,,,,,,,,,,,,,,,,,,,,,,,,,,,,-2.7490588235294116,-14.208,7.372000000000002,7.47489770931388,7.164954260762838,-0.30859809090838647,-1.1913043750995471,,,,,,,,,,,,,,,,,,,,,,,,,,,,,,,,,,,,,,,,,,,,,,,,,,,,,,,,,,,,,,,,,,,,,,,,,,,,,,,,,,,,,,,,,,,
1,,,,,,,,,,,,,,,,,,,,,,,,,,,,,,,,,,,,0.8995294117647061,-3.224,4.98,2.901236409857417,2.8431533136125253,-0.33010093387001316,-1.5110091987908036,,,,,,,,,,,,,,,,,,,,,,,,,,,,,,,,,,,,,,,,,,,,,,,,,,,,,,,,,,,,,,,,,,,,,,,,,,,,,,,,,,,,
1,,,,,,,,,,,,,,,,,,,,,,,,,,,,,,,,,,,,,,,,,,,-0.7331764705882353,-0.7860000000000001,-0.662,0.7340197144331143,0.03625643959029497,0.2762983354536651,-0.7729272572083294,,,,,,,,,,,,,,,,,,,,,,,,,,,,,,,,,,,,,,,,,,,,,,,,,,,,,,,,,,,,,,,,,,,,,,,,,,,,,
1,,,,,,,,,,,,,,,,,,,,,,,,,,,,,,,,,,,,,,,,,,,,,,,,,,0.0011764705882353007,-0.032,0.034,0.015354631414734535,0.01578066575796806,-0.23046665353977192,0.11033082271665862,,,,,,,,,,,,,,,,,,,,,,,,,,,,,,,,,,,,,,,,,,,,,,,,,,,,,,,,,,,,,,,,,,,,,,
1,,,,,,,,,,,,,,,,,,,,,,,,,,,,,,,,,,,,,,,,,,,,,,,,,,,,,,,,,-0.6009411764705882,-0.642,-0.54,0.6015986545667058,0.02898376827690649,0.6763790896164671,-0.7050588620930753,,,,,,,,,,,,,,,,,,,,,,,,,,,,,,,,,,,,,,,,,,,,,,,,,,,,,,,,,,,,,,,
1,,,,,,,,,,,,,,,,,,,,,,,,,,,,,,,,,,,,,,,,,,,,,,,,,,,,,,,,,,,,,,,,1.9557647058823524,-2.0280000000000005,8.264,3.7754410104687652,3.328775742097456,0.7459890552830805,-0.9831314401689641,,,,,,,,,,,,,,,,,,,,,,,,,,,,,,,,,,,,,,,,,,,,,,,,,,,,,,,,
1,,,,,,,,,,,,,,,,,,,,,,,,,,,,,,,,,,,,,,,,,,,,,,,,,,,,,,,,,,,,,,,,,,,,,,,0.9296470588235293,-5.372000000000001,8.18,4.139752649615675,4.158171487282248,0.14019220400247231,-0.9871913914520078,,,,,,,,,,,,,,,,,,,,,,,,,,,,,,,,,,,,,,,,,,,,,,,,,
1,,,,,,,,,,,,,,,,,,,,,,,,,,,,,,,,,,,,,,,,,,,,,,,,,,,,,,,,,,,,,,,,,,,,,,,,,,,,,,-1.4841176470588238,-11.316,6.618,5.996476789111498,5.988724758685619,-0.3675459760420722,-1.1285383525664787,,,,,,,,,,,,,,,,,,,,,,,,,,,,,,,,,,,,,,,,,,
1,,,,,,,,,,,,,,,,,,,,,,,,,,,,,,,,,,,,,,,,,,,,,,,,,,,,,,,,,,,,,,,,,,,,,,,,,,,,,,,,,,,,,-0.6990588235294117,-0.8800000000000001,-0.498,0.7057241587442604,0.09974246248980127,0.07889552404908143,-0.4872603110367075,,,,,,,,,,,,,,,,,,,,,,,,,,,,,,,,,,,
1,,,,,,,,,,,,,,,,,,,,,,,,,,,,,,,,,,,,,,,,,,,,,,,,,,,,,,,,,,,,,,,,,,,,,,,,,,,,,,,,,,,,,,,,,,,,-0.33776470588235297,-0.408,-0.2,0.3446201660140181,0.07050135584845577,0.8713623930793918,-0.6451434274977714,,,,,,,,,,,,,,,,,,,,,,,,,,,,
1,,,,,,,,,,,,,,,,,,,,,,,,,,,,,,,,,,,,,,,,,,,,,,,,,,,,,,,,,,,,,,,,,,,,,,,,,,,,,,,,,,,,,,,,,,,,,,,,,,,0.5601176470588235,0.304,0.884,0.5797798770933267,0.1543169961284811,0.18908634781365247,-0.40732980280983044,,,,,,,,,,,,,,,,,,,,,
1,,,,,,,,,,,,,,,,,,,,,,,,,,,,,,,,,,,,,,,,,,,,,,,,,,,,,,,,,,,,,,,,,,,,,,,,,,,,,,,,,,,,,,,,,,,,,,,,,,,,,,,,,,2.8989411764705895,-25.108000000000004,26.552000000000007,17.82998015240887,18.134176382147153,-0.4185455543446542,-1.3500893617256025,,,,,,,,,,,,,,
1,,,,,,,,,,,,,,,,,,,,,,,,,,,,,,,,,,,,,,,,,,,,,,,,,,,,,,,,,,,,,,,,,,,,,,,,,,,,,,,,,,,,,,,,,,,,,,,,,,,,,,,,,,,,,,,,,5.138117647058825,-42.552,65.43,35.82791229326819,36.54882332901149,0.5621327448797455,-1.2191303713865627,,,,,,,
1,,,,,,,,,,,,,,,,,,,,,,,,,,,,,,,,,,,,,,,,,,,,,,,,,,,,,,,,,,,,,,,,,,,,,,,,,,,,,,,,,,,,,,,,,,,,,,,,,,,,,,,,,,,,,,,,,,,,,,,,0.4940000000000001,-11.096,7.777999999999999,5.527113979390734,5.674417370972988,-0.4624593706769634,-0.8357653813710204
1,0.0026250000000000127,-0.0099999999999999,0.016,0.007399324293474361,0.007144928271158484,0.04385327794386944,-0.41352236401548526,,,,,,,,,,,,,,,,,,,,,,,,,,,,,,,,,,,,,,,,,,,,,,,,,,,,,,,,,,,,,,,,,,,,,,,,,,,,,,,,,,,,,,,,,,,,,,,,,,,,,,,,,,,,,,,,,,,,,,,
1,,,,,,,,-0.6637500000000001,-0.7280000000000001,-0.5720000000000001,0.665375082190489,0.047999305550532036,0.5402790379503651,-1.00661582771324,,,,,,,,,,,,,,,,,,,,,,,,,,,,,,,,,,,,,,,,,,,,,,,,,,,,,,,,,,,,,,,,,,,,,,,,,,,,,,,,,,,,,,,,,,,,,,,,,,,,,,,,,,,,,,,,
1,,,,,,,,,,,,,,,-0.7277500000000001,-0.79,-0.6880000000000001,0.7282853149693465,0.02883400769924293,-0.9203121235602922,0.15953285859421262,,,,,,,,,,,,,,,,,,,,,,,,,,,,,,,,,,,,,,,,,,,,,,,,,,,,,,,,,,,,,,,,,,,,,,,,,,,,,,,,,,,,,,,,,,,,,,,,,,,,,,,,,
1,,,,,,,,,,,,,,,,,,,,,,-1.0884999999999998,-8.352,7.654000000000001,4.166311618206205,4.153497514143953,0.3559422279700941,-0.4091715729384604,,,,,,,,,,,,,,,,,,,,,,,,,,,,,,,,,,,,,,,,,,,,,,,,,,,,,,,,,,,,,,,,,,,,,,,,,,,,,,,,,,,,,,,,,,,,,,,,,,
1,,,,,,,,,,,,,,,,,,,,,,,,,,,,,-2.909875,-14.208,7.788000000000001,7.567494251732208,7.214769794202261,-0.30165299141556373,-1.1831810170660042,,,,,,,,,,,,,,,,,,,,,,,,,,,,,,,,,,,,,,,,,,,,,,,,,,,,,,,,,,,,,,,,,,,,,,,,,,,,,,,,,,,,,,,,,,,
1,,,,,,,,,,,,,,,,,,,,,,,,,,,,,,,,,,,,0.701,-3.224,4.406,2.918018677116375,2.9254619236398662,-0.16589110103588545,-1.6558326296157082,,,,,,,,,,,,,,,,,,,,,,,,,,,,,,,,,,,,,,,,,,,,,,,,,,,,,,,,,,,,,,,,,,,,,,,,,,,,,,,,,,,,
1,,,,,,,,,,,,,,,,,,,,,,,,,,,,,,,,,,,,,,,,,,,-0.7166250000000001,-0.768,-0.662,0.7171919199210209,0.029445712760943665,0.1398416485016568,-0.7512773111117323,,,,,,,,,,,,,,,,,,,,,,,,,,,,,,,,,,,,,,,,,,,,,,,,,,,,,,,,,,,,,,,,,,,,,,,,,,,,,
1,,,,,,,,,,,,,,,,,,,,,,,,,,,,,,,,,,,,,,,,,,,,,,,,,,-0.010249999999999993,-0.048,0.034,0.02605762844159076,0.02474267568392715,-0.07196686948482955,-1.0691711453663701,,,,,,,,,,,,,,,,,,,,,,,,,,,,,,,,,,,,,,,,,,,,,,,,,,,,,,,,,,,,,,,,,,,,,,
1,,,,,,,,,,,,,,,,,,,,,,,,,,,,,,,,,,,,,,,,,,,,,,,,,,,,,,,,,-0.5902499999999999,-0.64,-0.54,0.5910114212094383,0.030974182797936727,-0.06466825590493176,-1.068217754225777,,,,,,,,,,,,,,,,,,,,,,,,,,,,,,,,,,,,,,,,,,,,,,,,,,,,,,,,,,,,,,,
1,,,,,,,,,,,,,,,,,,,,,,,,,,,,,,,,,,,,,,,,,,,,,,,,,,,,,,,,,,,,,,,,1.1589999999999998,-4.21,8.264,4.279027284325259,4.254164203068173,0.37966850658678875,-1.2695020084970507,,,,,,,,,,,,,,,,,,,,,,,,,,,,,,,,,,,,,,,,,,,,,,,,,,,,,,,,
1,,,,,,,,,,,,,,,,,,,,,,,,,,,,,,,,,,,,,,,,,,,,,,,,,,,,,,,,,,,,,,,,,,,,,,,0.594875,-5.372000000000001,6.848000000000001,3.912693030382016,3.9940342825268793,0.1253700897847946,-1.0602555873844293,,,,,,,,,,,,,,,,,,,,,,,,,,,,,,,,,,,,,,,,,,,,,,,,,
1,,,,,,,,,,,,,,,,,,,,,,,,,,,,,,,,,,,,,,,,,,,,,,,,,,,,,,,,,,,,,,,,,,,,,,,,,,,,,,-1.4546250000000003,-11.316,6.394,6.162251840845196,6.184489317370244,-0.4003152726156877,-1.2995235839363832,,,,,,,,,,,,,,,,,,,,,,,,,,,,,,,,,,,,,,,,,,
1,,,,,,,,,,,,,,,,,,,,,,,,,,,,,,,,,,,,,,,,,,,,,,,,,,,,,,,,,,,,,,,,,,,,,,,,,,,,,,,,,,,,,-0.6821250000000001,-0.8360000000000001,-0.498,0.6881680390718534,0.09398288851345939,0.007548128869340482,-0.6128425041559615,,,,,,,,,,,,,,,,,,,,,,,,,,,,,,,,,,,
1,,,,,,,,,,,,,,,,,,,,,,,,,,,,,,,,,,,,,,,,,,,,,,,,,,,,,,,,,,,,,,,,,,,,,,,,,,,,,,,,,,,,,,,,,,,,-0.315,-0.424,-0.2,0.32224369660243163,0.07016931903142094,0.11703790202217479,-1.0732716754172813,,,,,,,,,,,,,,,,,,,,,,,,,,,,
1,,,,,,,,,,,,,,,,,,,,,,,,,,,,,,,,,,,,,,,,,,,,,,,,,,,,,,,,,,,,,,,,,,,,,,,,,,,,,,,,,,,,,,,,,,,,,,,,,,,0.57025,0.304,0.884,0.590453639162297,0.15815751641954925,0.05719965040082096,-0.5729037247884428,,,,,,,,,,,,,,,,,,,,,
1,,,,,,,,,,,,,,,,,,,,,,,,,,,,,,,,,,,,,,,,,,,,,,,,,,,,,,,,,,,,,,,,,,,,,,,,,,,,,,,,,,,,,,,,,,,,,,,,,,,,,,,,,,4.2856250000000005,-25.108000000000004,30.788,19.49524282357109,19.642074869609203,-0.40005886948544206,-1.357765167282207,,,,,,,,,,,,,,
1,,,,,,,,,,,,,,,,,,,,,,,,,,,,,,,,,,,,,,,,,,,,,,,,,,,,,,,,,,,,,,,,,,,,,,,,,,,,,,,,,,,,,,,,,,,,,,,,,,,,,,,,,,,,,,,,,5.082750000000001,-55.408,65.43,40.721233545903296,41.727810249281,0.14061851613248583,-1.4040180686069041,,,,,,,
1,,,,,,,,,,,,,,,,,,,,,,,,,,,,,,,,,,,,,,,,,,,,,,,,,,,,,,,,,,,,,,,,,,,,,,,,,,,,,,,,,,,,,,,,,,,,,,,,,,,,,,,,,,,,,,,,,,,,,,,,-0.18362499999999993,-10.606000000000002,6.884,5.739538592082121,5.92473550323838,-0.24631176962199208,-1.4130831305134095
1,0.006133333333333326,-0.008,0.028,0.010456258094238736,0.008765734152830273,0.6754962953524909,0.9664022147885922,,,,,,,,,,,,,,,,,,,,,,,,,,,,,,,,,,,,,,,,,,,,,,,,,,,,,,,,,,,,,,,,,,,,,,,,,,,,,,,,,,,,,,,,,,,,,,,,,,,,,,,,,,,,,,,,,,,,,,,
1,,,,,,,,-0.7109333333333334,-0.76,-0.67,0.7113495155922533,0.025183516907086746,-0.20019735043464026,-0.6034938155241374,,,,,,,,,,,,,,,,,,,,,,,,,,,,,,,,,,,,,,,,,,,,,,,,,,,,,,,,,,,,,,,,,,,,,,,,,,,,,,,,,,,,,,,,,,,,,,,,,,,,,,,,,,,,,,,,
1,,,,,,,,,,,,,,,-0.7358666666666666,-0.79,-0.668,0.7365669917484312,0.0332391049103025,-0.0019068419546409171,-0.41537192532125244,,,,,,,,,,,,,,,,,,,,,,,,,,,,,,,,,,,,,,,,,,,,,,,,,,,,,,,,,,,,,,,,,,,,,,,,,,,,,,,,,,,,,,,,,,,,,,,,,,,,,,,,,
1,,,,,,,,,,,,,,,,,,,,,,1.7262666666666668,-4.542,7.666,4.429402337411523,4.222339626772049,-0.07412081647667595,-1.1187319819129595,,,,,,,,,,,,,,,,,,,,,,,,,,,,,,,,,,,,,,,,,,,,,,,,,,,,,,,,,,,,,,,,,,,,,,,,,,,,,,,,,,,,,,,,,,,,,,,,,,
1,,,,,,,,,,,,,,,,,,,,,,,,,,,,,0.07226666666666652,-8.156,7.788000000000001,4.9259012847058425,5.098243499574377,-0.30092799773109064,-1.1402031944625806,,,,,,,,,,,,,,,,,,,,,,,,,,,,,,,,,,,,,,,,,,,,,,,,,,,,,,,,,,,,,,,,,,,,,,,,,,,,,,,,,,,,,,,,,,,
1,,,,,,,,,,,,,,,,,,,,,,,,,,,,,,,,,,,,0.7018666666666665,-1.8920000000000008,4.406,2.3525315725830334,2.3242021631601015,0.3404135411501026,-1.3055559677005177,,,,,,,,,,,,,,,,,,,,,,,,,,,,,,,,,,,,,,,,,,,,,,,,,,,,,,,,,,,,,,,,,,,,,,,,,,,,,,,,,,,,
1,,,,,,,,,,,,,,,,,,,,,,,,,,,,,,,,,,,,,,,,,,,-0.7609333333333335,-0.8620000000000001,-0.68,0.7625261525569687,0.05098944802136821,-0.31090112719180957,-0.6561581564335133,,,,,,,,,,,,,,,,,,,,,,,,,,,,,,,,,,,,,,,,,,,,,,,,,,,,,,,,,,,,,,,,,,,,,,,,,,,,,
1,,,,,,,,,,,,,,,,,,,,,,,,,,,,,,,,,,,,,,,,,,,,,,,,,,-0.012933333333333324,-0.048,0.026,0.02649779865070555,0.02393881088664737,-0.03360651540557397,-1.285233572420897,,,,,,,,,,,,,,,,,,,,,,,,,,,,,,,,,,,,,,,,,,,,,,,,,,,,,,,,,,,,,,,,,,,,,,
1,,,,,,,,,,,,,,,,,,,,,,,,,,,,,,,,,,,,,,,,,,,,,,,,,,,,,,,,,-0.6161333333333334,-0.676,-0.546,0.6172435499865512,0.03830305222203331,-0.1215698088064064,-0.8424619718829218,,,,,,,,,,,,,,,,,,,,,,,,,,,,,,,,,,,,,,,,,,,,,,,,,,,,,,,,,,,,,,,
1,,,,,,,,,,,,,,,,,,,,,,,,,,,,,,,,,,,,,,,,,,,,,,,,,,,,,,,,,,,,,,,,-2.355866666666666,-5.247999999999999,0.438,2.9584339550962886,1.8522834504881753,0.02473685519114483,-1.2666122594303304,,,,,,,,,,,,,,,,,,,,,,,,,,,,,,,,,,,,,,,,,,,,,,,,,,,,,,,,
1,,,,,,,,,,,,,,,,,,,,,,,,,,,,,,,,,,,,,,,,,,,,,,,,,,,,,,,,,,,,,,,,,,,,,,,-2.0810666666666666,-11.476,6.848000000000001,6.408897273842566,6.27436329685749,0.03209787144783006,-1.2027416021217914,,,,,,,,,,,,,,,,,,,,,,,,,,,,,,,,,,,,,,,,,,,,,,,,,
1,,,,,,,,,,,,,,,,,,,,,,,,,,,,,,,,,,,,,,,,,,,,,,,,,,,,,,,,,,,,,,,,,,,,,,,,,,,,,,1.3820000000000001,-3.418,6.394,3.1593536469769683,2.9407709387651595,0.2723161703303282,-1.0871163171925162,,,,,,,,,,,,,,,,,,,,,,,,,,,,,,,,,,,,,,,,,,
1,,,,,,,,,,,,,,,,,,,,,,,,,,,,,,,,,,,,,,,,,,,,,,,,,,,,,,,,,,,,,,,,,,,,,,,,,,,,,,,,,,,,,-0.6833333333333333,-0.8300000000000001,-0.5700000000000001,0.6870169333187259,0.07354169533251838,-0.33225407344776586,-0.6242199336459393,,,,,,,,,,,,,,,,,,,,,,,,,,,,,,,,,,,
1,,,,,,,,,,,,,,,,,,,,,,,,,,,,,,,,,,,,,,,,,,,,,,,,,,,,,,,,,,,,,,,,,,,,,,,,,,,,,,,,,,,,,,,,,,,,-0.3046666666666667,-0.424,-0.246,0.3089064583332631,0.05279429983661204,-0.9462737562719961,-0.24726538890618155,,,,,,,,,,,,,,,,,,,,,,,,,,,,
1,,,,,,,,,,,,,,,,,,,,,,,,,,,,,,,,,,,,,,,,,,,,,,,,,,,,,,,,,,,,,,,,,,,,,,,,,,,,,,,,,,,,,,,,,,,,,,,,,,,0.5508000000000002,0.328,0.8020000000000002,0.5717391013390636,0.1586943153181163,-0.02335594778376497,-1.2717560636465528,,,,,,,,,,,,,,,,,,,,,
1,,,,,,,,,,,,,,,,,,,,,,,,,,,,,,,,,,,,,,,,,,,,,,,,,,,,,,,,,,,,,,,,,,,,,,,,,,,,,,,,,,,,,,,,,,,,,,,,,,,,,,,,,,10.519733333333333,-16.36,30.788,16.92148395383809,13.719322783508494,-0.6536760077536695,-0.2717842352983224,,,,,,,,,,,,,,
1,,,,,,,,,,,,,,,,,,,,,,,,,,,,,,,,,,,,,,,,,,,,,,,,,,,,,,,,,,,,,,,,,,,,,,,,,,,,,,,,,,,,,,,,,,,,,,,,,,,,,,,,,,,,,,,,,1.3616000000000024,-55.408,51.086000000000006,33.325173451911695,34.46602723345328,-0.13239450186322127,-1.030401438901488,,,,,,,
1,,,,,,,,,,,,,,,,,,,,,,,,,,,,,,,,,,,,,,,,,,,,,,,,,,,,,,,,,,,,,,,,,,,,,,,,,,,,,,,,,,,,,,,,,,,,,,,,,,,,,,,,,,,,,,,,,,,,,,,,0.714266666666667,-10.606000000000002,13.818,6.9302541175149805,7.135292960915848,0.014568865229363254,-1.0373766928270411
1,0.006117647058823512,-0.004,0.028,0.009405880513556066,0.007364461563321983,1.3764453778151493,2.6557146117325363,,,,,,,,,,,,,,,,,,,,,,,,,,,,,,,,,,,,,,,,,,,,,,,,,,,,,,,,,,,,,,,,,,,,,,,,,,,,,,,,,,,,,,,,,,,,,,,,,,,,,,,,,,,,,,,,,,,,,,,
1,,,,,,,,-0.6825882352941177,-0.762,-0.554,0.6854058479985331,0.06399517445043164,0.6707747486805755,-0.6020280251609851,,,,,,,,,,,,,,,,,,,,,,,,,,,,,,,,,,,,,,,,,,,,,,,,,,,,,,,,,,,,,,,,,,,,,,,,,,,,,,,,,,,,,,,,,,,,,,,,,,,,,,,,,,,,,,,,
1,,,,,,,,,,,,,,,-0.7024705882352942,-0.7760000000000001,-0.61,0.7036150351200995,0.041349301153494174,0.272150285262055,0.14851164566429143,,,,,,,,,,,,,,,,,,,,,,,,,,,,,,,,,,,,,,,,,,,,,,,,,,,,,,,,,,,,,,,,,,,,,,,,,,,,,,,,,,,,,,,,,,,,,,,,,,,,,,,,,
1,,,,,,,,,,,,,,,,,,,,,,2.489411764705882,-4.298,7.666,4.874195438887385,4.319507886594599,-0.460671497044902,-1.2463341386148181,,,,,,,,,,,,,,,,,,,,,,,,,,,,,,,,,,,,,,,,,,,,,,,,,,,,,,,,,,,,,,,,,,,,,,,,,,,,,,,,,,,,,,,,,,,,,,,,,,
1,,,,,,,,,,,,,,,,,,,,,,,,,,,,,-1.0311764705882358,-8.156,4.882000000000001,4.301185527407122,4.304262599959693,-0.2819114889375537,-1.3130104135254324,,,,,,,,,,,,,,,,,,,,,,,,,,,,,,,,,,,,,,,,,,,,,,,,,,,,,,,,,,,,,,,,,,,,,,,,,,,,,,,,,,,,,,,,,,,
1,,,,,,,,,,,,,,,,,,,,,,,,,,,,,,,,,,,,0.32199999999999995,-3.636,4.322,2.2123917853230033,2.2561982404035335,0.2114854106807815,-0.9293787629321084,,,,,,,,,,,,,,,,,,,,,,,,,,,,,,,,,,,,,,,,,,,,,,,,,,,,,,,,,,,,,,,,,,,,,,,,,,,,,,,,,,,,
1,,,,,,,,,,,,,,,,,,,,,,,,,,,,,,,,,,,,,,,,,,,-0.7583529411764706,-0.8620000000000001,-0.612,0.7614756571753218,0.0710113909669345,0.4010566178079044,-0.6796748945965314,,,,,,,,,,,,,,,,,,,,,,,,,,,,,,,,,,,,,,,,,,,,,,,,,,,,,,,,,,,,,,,,,,,,,,,,,,,,,
1,,,,,,,,,,,,,,,,,,,,,,,,,,,,,,,,,,,,,,,,,,,,,,,,,,-0.015176470588235295,-0.056,0.026,0.027725545663754594,0.02391713636212968,0.053090274618488704,-1.16107280568082,,,,,,,,,,,,,,,,,,,,,,,,,,,,,,,,,,,,,,,,,,,,,,,,,,,,,,,,,,,,,,,,,,,,,,
1,,,,,,,,,,,,,,,,,,,,,,,,,,,,,,,,,,,,,,,,,,,,,,,,,,,,,,,,,-0.617529411764706,-0.676,-0.54,0.6186853234171348,0.03896491634640519,0.15075879647650012,-0.5745876542660149,,,,,,,,,,,,,,,,,,,,,,,,,,,,,,,,,,,,,,,,,,,,,,,,,,,,,,,,,,,,,,,
1,,,,,,,,,,,,,,,,,,,,,,,,,,,,,,,,,,,,,,,,,,,,,,,,,,,,,,,,,,,,,,,,-1.2867058823529414,-5.247999999999999,8.788,3.3660599763976102,3.20615337602371,1.7582674535967553,3.8773696371935875,,,,,,,,,,,,,,,,,,,,,,,,,,,,,,,,,,,,,,,,,,,,,,,,,,,,,,,,
1,,,,,,,,,,,,,,,,,,,,,,,,,,,,,,,,,,,,,,,,,,,,,,,,,,,,,,,,,,,,,,,,,,,,,,,-2.6577647058823537,-11.476,6.688,6.452031162172658,6.060140670081551,0.32738416277452254,-1.054779952536936,,,,,,,,,,,,,,,,,,,,,,,,,,,,,,,,,,,,,,,,,,,,,,,,,
1,,,,,,,,,,,,,,,,,,,,,,,,,,,,,,,,,,,,,,,,,,,,,,,,,,,,,,,,,,,,,,,,,,,,,,,,,,,,,,-0.6634117647058824,-7.948,3.2840000000000003,3.1382910673692157,3.1617721110720396,-1.2443756786957318,0.8441395672497056,,,,,,,,,,,,,,,,,,,,,,,,,,,,,,,,,,,,,,,,,,
1,,,,,,,,,,,,,,,,,,,,,,,,,,,,,,,,,,,,,,,,,,,,,,,,,,,,,,,,,,,,,,,,,,,,,,,,,,,,,,,,,,,,,-0.7107058823529413,-0.8540000000000001,-0.5700000000000001,0.7148316132447681,0.07905043066445176,-0.018134146401891125,-0.5927041070068753,,,,,,,,,,,,,,,,,,,,,,,,,,,,,,,,,,,
1,,,,,,,,,,,,,,,,,,,,,,,,,,,,,,,,,,,,,,,,,,,,,,,,,,,,,,,,,,,,,,,,,,,,,,,,,,,,,,,,,,,,,,,,,,,,-0.3050588235294118,-0.374,-0.246,0.3072485102629849,0.03774332819889379,-0.26074749407570214,-1.1460174333057032,,,,,,,,,,,,,,,,,,,,,,,,,,,,
1,,,,,,,,,,,,,,,,,,,,,,,,,,,,,,,,,,,,,,,,,,,,,,,,,,,,,,,,,,,,,,,,,,,,,,,,,,,,,,,,,,,,,,,,,,,,,,,,,,,0.5457647058823529,0.328,0.8020000000000002,0.5627643953786367,0.14150067553361928,0.15825692147025713,-0.8608449254347867,,,,,,,,,,,,,,,,,,,,,
1,,,,,,,,,,,,,,,,,,,,,,,,,,,,,,,,,,,,,,,,,,,,,,,,,,,,,,,,,,,,,,,,,,,,,,,,,,,,,,,,,,,,,,,,,,,,,,,,,,,,,,,,,,6.6974117647058815,-20.396,29.556000000000004,18.041760850544364,17.268191085992562,-0.18145070090936957,-1.3437439234795985,,,,,,,,,,,,,,
1,,,,,,,,,,,,,,,,,,,,,,,,,,,,,,,,,,,,,,,,,,,,,,,,,,,,,,,,,,,,,,,,,,,,,,,,,,,,,,,,,,,,,,,,,,,,,,,,,,,,,,,,,,,,,,,,,0.14611764705882405,-44.14,51.086000000000006,29.84390403415746,30.76202344182343,0.12280443434942842,-0.933837398540255,,,,,,,
1,,,,,,,,,,,,,,,,,,,,,,,,,,,,,,,,,,,,,,,,,,,,,,,,,,,,,,,,,,,,,,,,,,,,,,,,,,,,,,,,,,,,,,,,,,,,,,,,,,,,,,,,,,,,,,,,,,,,,,,,0.18658823529411764,-10.682000000000002,13.818,7.79994235272815,8.03769577567806,-0.06880916685663443,-1.4527420233179584
1,0.005764705882352929,-0.006,0.018,0.008663649550242182,0.006666421564121802,0.032649609463639005,-0.7964402675110023,,,,,,,,,,,,,,,,,,,,,,,,,,,,,,,,,,,,,,,,,,,,,,,,,,,,,,,,,,,,,,,,,,,,,,,,,,,,,,,,,,,,,,,,,,,,,,,,,,,,,,,,,,,,,,,,,,,,,,,
1,,,,,,,,-0.6518823529411765,-0.762,-0.544,0.6552357456312508,0.0682439396145742,0.08442593269125957,-1.2806276237985805,,,,,,,,,,,,,,,,,,,,,,,,,,,,,,,,,,,,,,,,,,,,,,,,,,,,,,,,,,,,,,,,,,,,,,,,,,,,,,,,,,,,,,,,,,,,,,,,,,,,,,,,,,,,,,,,
1,,,,,,,,,,,,,,,-0.6701176470588236,-0.7240000000000001,-0.554,0.6712856847782733,0.040801167803356415,1.4540688679235596,1.9934416573783338,,,,,,,,,,,,,,,,,,,,,,,,,,,,,,,,,,,,,,,,,,,,,,,,,,,,,,,,,,,,,,,,,,,,,,,,,,,,,,,,,,,,,,,,,,,,,,,,,,,,,,,,,
1,,,,,,,,,,,,,,,,,,,,,,0.1691764705882352,-5.821999999999999,6.264,3.7050470505863786,3.8150917458708338,0.09384110468001386,-1.2308174543726165,,,,,,,,,,,,,,,,,,,,,,,,,,,,,,,,,,,,,,,,,,,,,,,,,,,,,,,,,,,,,,,,,,,,,,,,,,,,,,,,,,,,,,,,,,,,,,,,,,
1,,,,,,,,,,,,,,,,,,,,,,,,,,,,,-0.8921176470588237,-5.116000000000001,3.906,3.01644266528326,2.97018404064363,0.16842027810395513,-1.1872726487304208,,,,,,,,,,,,,,,,,,,,,,,,,,,,,,,,,,,,,,,,,,,,,,,,,,,,,,,,,,,,,,,,,,,,,,,,,,,,,,,,,,,,,,,,,,,
1,,,,,,,,,,,,,,,,,,,,,,,,,,,,,,,,,,,,0.35011764705882353,-3.636,4.322,2.42996015459949,2.4786098392635574,-0.161115730037495,-1.0912460069100878,,,,,,,,,,,,,,,,,,,,,,,,,,,,,,,,,,,,,,,,,,,,,,,,,,,,,,,,,,,,,,,,,,,,,,,,,,,,,,,,,,,,
1,,,,,,,,,,,,,,,,,,,,,,,,,,,,,,,,,,,,,,,,,,,-0.7311764705882353,-0.8540000000000001,-0.59,0.7346584640658061,0.0736412208736704,0.2604744600505674,-0.715633960772176,,,,,,,,,,,,,,,,,,,,,,,,,,,,,,,,,,,,,,,,,,,,,,,,,,,,,,,,,,,,,,,,,,,,,,,,,,,,,
1,,,,,,,,,,,,,,,,,,,,,,,,,,,,,,,,,,,,,,,,,,,,,,,,,,-0.015058823529411765,-0.056,0.03,0.028925868739813867,0.02545699949973311,0.29205154361926033,-1.0102449910128823,,,,,,,,,,,,,,,,,,,,,,,,,,,,,,,,,,,,,,,,,,,,,,,,,,,,,,,,,,,,,,,,,,,,,,
1,,,,,,,,,,,,,,,,,,,,,,,,,,,,,,,,,,,,,,,,,,,,,,,,,,,,,,,,,-0.6019999999999999,-0.66,-0.508,0.6035590521330657,0.04468780594300866,0.5112095627443592,-0.7216150966560075,,,,,,,,,,,,,,,,,,,,,,,,,,,,,,,,,,,,,,,,,,,,,,,,,,,,,,,,,,,,,,,
1,,,,,,,,,,,,,,,,,,,,,,,,,,,,,,,,,,,,,,,,,,,,,,,,,,,,,,,,,,,,,,,,2.097176470588235,-4.322,10.742,5.408547744624462,5.138835425406399,0.6775175800219204,-1.1325669078265728,,,,,,,,,,,,,,,,,,,,,,,,,,,,,,,,,,,,,,,,,,,,,,,,,,,,,,,,
1,,,,,,,,,,,,,,,,,,,,,,,,,,,,,,,,,,,,,,,,,,,,,,,,,,,,,,,,,,,,,,,,,,,,,,,0.6843529411764703,-6.728000000000001,6.688,4.080807503712095,4.146829103983797,0.06286054234145341,-1.026878254504137,,,,,,,,,,,,,,,,,,,,,,,,,,,,,,,,,,,,,,,,,,,,,,,,,
1,,,,,,,,,,,,,,,,,,,,,,,,,,,,,,,,,,,,,,,,,,,,,,,,,,,,,,,,,,,,,,,,,,,,,,,,,,,,,,-2.3034117647058823,-11.414,3.2840000000000003,5.394176140551411,5.027762413077307,-0.7542186878637784,-1.017665676610158,,,,,,,,,,,,,,,,,,,,,,,,,,,,,,,,,,,,,,,,,,
1,,,,,,,,,,,,,,,,,,,,,,,,,,,,,,,,,,,,,,,,,,,,,,,,,,,,,,,,,,,,,,,,,,,,,,,,,,,,,,,,,,,,,-0.7088235294117646,-0.8540000000000001,-0.4660000000000001,0.7140599744130905,0.08897488079095531,0.9020944996155402,1.5821004147207853,,,,,,,,,,,,,,,,,,,,,,,,,,,,,,,,,,,
1,,,,,,,,,,,,,,,,,,,,,,,,,,,,,,,,,,,,,,,,,,,,,,,,,,,,,,,,,,,,,,,,,,,,,,,,,,,,,,,,,,,,,,,,,,,,-0.3150588235294117,-0.374,-0.22,0.3169420062000581,0.035560635870712606,0.8294527187379493,1.165292825463828,,,,,,,,,,,,,,,,,,,,,,,,,,,,
1,,,,,,,,,,,,,,,,,,,,,,,,,,,,,,,,,,,,,,,,,,,,,,,,,,,,,,,,,,,,,,,,,,,,,,,,,,,,,,,,,,,,,,,,,,,,,,,,,,,0.5502352941176472,0.396,0.7020000000000001,0.5552892198188786,0.07704830417647485,-0.045016490442644545,-0.3371948328787009,,,,,,,,,,,,,,,,,,,,,
1,,,,,,,,,,,,,,,,,,,,,,,,,,,,,,,,,,,,,,,,,,,,,,,,,,,,,,,,,,,,,,,,,,,,,,,,,,,,,,,,,,,,,,,,,,,,,,,,,,,,,,,,,,2.1238823529411763,-24.4,29.556000000000004,18.428020844227795,18.868588798192995,0.09669897041482269,-1.2807790714610905,,,,,,,,,,,,,,
1,,,,,,,,,,,,,,,,,,,,,,,,,,,,,,,,,,,,,,,,,,,,,,,,,,,,,,,,,,,,,,,,,,,,,,,,,,,,,,,,,,,,,,,,,,,,,,,,,,,,,,,,,,,,,,,,,0.06988235294117771,-44.14,51.514,30.67229962417709,31.61620072423779,0.18389209944921311,-1.069749407545999,,,,,,,
1,,,,,,,,,,,,,,,,,,,,,,,,,,,,,,,,,,,,,,,,,,,,,,,,,,,,,,,,,,,,,,,,,,,,,,,,,,,,,,,,,,,,,,,,,,,,,,,,,,,,,,,,,,,,,,,,,,,,,,,,-0.579411764705882,-10.682000000000002,7.274000000000001,6.3948402546391225,6.564537712767971,-0.38416994630906454,-1.369828622066131
1,0.020588235294117643,0.008,0.04,0.02287047930257281,0.010265590725388204,0.5624661128445779,-0.959553747504748,,,,,,,,,,,,,,,,,,,,,,,,,,,,,,,,,,,,,,,,,,,,,,,,,,,,,,,,,,,,,,,,,,,,,,,,,,,,,,,,,,,,,,,,,,,,,,,,,,,,,,,,,,,,,,,,,,,,,,,
1,,,,,,,,-0.7489411764705883,-0.8160000000000001,-0.6880000000000001,0.7497616876283385,0.03614635283855637,-0.20254397021884205,-0.6327134834712727,,,,,,,,,,,,,,,,,,,,,,,,,,,,,,,,,,,,,,,,,,,,,,,,,,,,,,,,,,,,,,,,,,,,,,,,,,,,,,,,,,,,,,,,,,,,,,,,,,,,,,,,,,,,,,,,
1,,,,,,,,,,,,,,,-0.6656470588235295,-0.7240000000000001,-0.606,0.6662703920287302,0.029700465435053794,-0.32220697324751163,-0.23909840325696274,,,,,,,,,,,,,,,,,,,,,,,,,,,,,,,,,,,,,,,,,,,,,,,,,,,,,,,,,,,,,,,,,,,,,,,,,,,,,,,,,,,,,,,,,,,,,,,,,,,,,,,,,
1,,,,,,,,,,,,,,,,,,,,,,2.1937647058823533,-4.554,12.550000000000002,5.745985012572334,5.4741642230733705,0.4886617430116237,-1.108943316082853,,,,,,,,,,,,,,,,,,,,,,,,,,,,,,,,,,,,,,,,,,,,,,,,,,,,,,,,,,,,,,,,,,,,,,,,,,,,,,,,,,,,,,,,,,,,,,,,,,
1,,,,,,,,,,,,,,,,,,,,,,,,,,,,,-1.1305882352941177,-9.116,7.714,5.447489610712767,5.49287906132594,0.25452830164454665,-1.1585654445661473,,,,,,,,,,,,,,,,,,,,,,,,,,,,,,,,,,,,,,,,,,,,,,,,,,,,,,,,,,,,,,,,,,,,,,,,,,,,,,,,,,,,,,,,,,,
1,,,,,,,,,,,,,,,,,,,,,,,,,,,,,,,,,,,,-0.10164705882352934,-8.106,7.19,4.911939260019167,5.062026878400298,-0.01491973508948656,-1.2257004693801217,,,,,,,,,,,,,,,,,,,,,,,,,,,,,,,,,,,,,,,,,,,,,,,,,,,,,,,,,,,,,,,,,,,,,,,,,,,,,,,,,,,,
1,,,,,,,,,,,,,,,,,,,,,,,,,,,,,,,,,,,,,,,,,,,-0.785294117647059,-0.8360000000000001,-0.736,0.7857958124242771,0.028939084094616662,0.10165691993994058,-1.0451113789699469,,,,,,,,,,,,,,,,,,,,,,,,,,,,,,,,,,,,,,,,,,,,,,,,,,,,,,,,,,,,,,,,,,,,,,,,,,,,,
1,,,,,,,,,,,,,,,,,,,,,,,,,,,,,,,,,,,,,,,,,,,,,,,,,,0.007294117647058818,-0.034,0.036,0.02341442491537315,0.022934048666454293,-0.625406699357633,-0.8686003046719355,,,,,,,,,,,,,,,,,,,,,,,,,,,,,,,,,,,,,,,,,,,,,,,,,,,,,,,,,,,,,,,,,,,,,,
1,,,,,,,,,,,,,,,,,,,,,,,,,,,,,,,,,,,,,,,,,,,,,,,,,,,,,,,,,-0.5854117647058823,-0.622,-0.518,0.5860853180211905,0.028954832980716293,0.8759836265024749,-0.14965527486031105,,,,,,,,,,,,,,,,,,,,,,,,,,,,,,,,,,,,,,,,,,,,,,,,,,,,,,,,,,,,,,,
1,,,,,,,,,,,,,,,,,,,,,,,,,,,,,,,,,,,,,,,,,,,,,,,,,,,,,,,,,,,,,,,,-0.9942352941176471,-6.764,3.942,3.237469418433805,3.1758460984714723,-0.20490459680825263,-0.903078754688484,,,,,,,,,,,,,,,,,,,,,,,,,,,,,,,,,,,,,,,,,,,,,,,,,,,,,,,,
1,,,,,,,,,,,,,,,,,,,,,,,,,,,,,,,,,,,,,,,,,,,,,,,,,,,,,,,,,,,,,,,,,,,,,,,-3.0790588235294116,-15.554,6.188000000000001,7.820477794941718,7.410075847035814,-0.26915434296477964,-1.3896967236398843,,,,,,,,,,,,,,,,,,,,,,,,,,,,,,,,,,,,,,,,,,,,,,,,,
1,,,,,,,,,,,,,,,,,,,,,,,,,,,,,,,,,,,,,,,,,,,,,,,,,,,,,,,,,,,,,,,,,,,,,,,,,,,,,,1.3064705882352943,-5.492,8.030000000000001,3.9914862630648367,3.88769414495352,0.10226009879326585,-0.8453997992198676,,,,,,,,,,,,,,,,,,,,,,,,,,,,,,,,,,,,,,,,,,
1,,,,,,,,,,,,,,,,,,,,,,,,,,,,,,,,,,,,,,,,,,,,,,,,,,,,,,,,,,,,,,,,,,,,,,,,,,,,,,,,,,,,,-0.7328235294117649,-1.036,-0.518,0.7515907835267494,0.17204513771613747,-0.1469453098564933,-1.358594442430034,,,,,,,,,,,,,,,,,,,,,,,,,,,,,,,,,,,
1,,,,,,,,,,,,,,,,,,,,,,,,,,,,,,,,,,,,,,,,,,,,,,,,,,,,,,,,,,,,,,,,,,,,,,,,,,,,,,,,,,,,,,,,,,,,-0.2782352941176471,-0.432,-0.202,0.28480457696256134,0.06268924290873665,-0.7768023803867617,0.31237282354036733,,,,,,,,,,,,,,,,,,,,,,,,,,,,
1,,,,,,,,,,,,,,,,,,,,,,,,,,,,,,,,,,,,,,,,,,,,,,,,,,,,,,,,,,,,,,,,,,,,,,,,,,,,,,,,,,,,,,,,,,,,,,,,,,,0.5158823529411765,0.08,0.8680000000000001,0.5793946130635482,0.27186620844473786,-0.07652099551346658,-1.388079462408538,,,,,,,,,,,,,,,,,,,,,
1,,,,,,,,,,,,,,,,,,,,,,,,,,,,,,,,,,,,,,,,,,,,,,,,,,,,,,,,,,,,,,,,,,,,,,,,,,,,,,,,,,,,,,,,,,,,,,,,,,,,,,,,,,-0.7465882352941183,-31.85,33.276,22.95169929887289,23.645550340018588,0.01714140042790014,-1.5278076395029523,,,,,,,,,,,,,,
1,,,,,,,,,,,,,,,,,,,,,,,,,,,,,,,,,,,,,,,,,,,,,,,,,,,,,,,,,,,,,,,,,,,,,,,,,,,,,,,,,,,,,,,,,,,,,,,,,,,,,,,,,,,,,,,,,0.9745882352941169,-61.09600000000001,71.912,42.241475163635094,43.52992564756289,0.04136912319705869,-1.2577096792104259,,,,,,,
1,,,,,,,,,,,,,,,,,,,,,,,,,,,,,,,,,,,,,,,,,,,,,,,,,,,,,,,,,,,,,,,,,,,,,,,,,,,,,,,,,,,,,,,,,,,,,,,,,,,,,,,,,,,,,,,,,,,,,,,,0.11729411764705787,-13.292000000000002,15.698,7.305942190718297,7.529822240304764,0.06805075073058814,-0.4019548189694655
1,0.016235294117647056,-0.002,0.034,0.01857259207732157,0.009297374708517889,0.1577170357702565,-0.5261371025991659,,,,,,,,,,,,,,,,,,,,,,,,,,,,,,,,,,,,,,,,,,,,,,,,,,,,,,,,,,,,,,,,,,,,,,,,,,,,,,,,,,,,,,,,,,,,,,,,,,,,,,,,,,,,,,,,,,,,,,,
1,,,,,,,,-0.7267058823529411,-0.78,-0.6880000000000001,0.7270379875179273,0.022648854015938528,-0.6254231620005706,0.360719969208835,,,,,,,,,,,,,,,,,,,,,,,,,,,,,,,,,,,,,,,,,,,,,,,,,,,,,,,,,,,,,,,,,,,,,,,,,,,,,,,,,,,,,,,,,,,,,,,,,,,,,,,,,,,,,,,,
1,,,,,,,,,,,,,,,-0.6634117647058824,-0.7100000000000001,-0.62,0.6637800840639918,0.022789961670463103,-0.4370066036493818,-0.20036028796420702,,,,,,,,,,,,,,,,,,,,,,,,,,,,,,,,,,,,,,,,,,,,,,,,,,,,,,,,,,,,,,,,,,,,,,,,,,,,,,,,,,,,,,,,,,,,,,,,,,,,,,,,,
1,,,,,,,,,,,,,,,,,,,,,,1.5549411764705878,-3.382000000000001,6.482,3.6971917164565995,3.4575419099157036,0.07868728981470646,-1.494695215411596,,,,,,,,,,,,,,,,,,,,,,,,,,,,,,,,,,,,,,,,,,,,,,,,,,,,,,,,,,,,,,,,,,,,,,,,,,,,,,,,,,,,,,,,,,,,,,,,,,
1,,,,,,,,,,,,,,,,,,,,,,,,,,,,,0.5503529411764706,-5.946,7.714,3.947213700827459,4.028952483915274,0.4739528564757536,-0.8135803567515882,,,,,,,,,,,,,,,,,,,,,,,,,,,,,,,,,,,,,,,,,,,,,,,,,,,,,,,,,,,,,,,,,,,,,,,,,,,,,,,,,,,,,,,,,,,
1,,,,,,,,,,,,,,,,,,,,,,,,,,,,,,,,,,,,-0.37199999999999994,-7.436,7.19,4.6014316442245,4.727521919568432,0.13122036906729648,-1.0727595947818722,,,,,,,,,,,,,,,,,,,,,,,,,,,,,,,,,,,,,,,,,,,,,,,,,,,,,,,,,,,,,,,,,,,,,,,,,,,,,,,,,,,,
1,,,,,,,,,,,,,,,,,,,,,,,,,,,,,,,,,,,,,,,,,,,-0.7791764705882354,-0.8480000000000001,-0.736,0.7795997464762815,0.026476960017432265,-0.7794244523597029,0.9835763442367753,,,,,,,,,,,,,,,,,,,,,,,,,,,,,,,,,,,,,,,,,,,,,,,,,,,,,,,,,,,,,,,,,,,,,,,,,,,,,
1,,,,,,,,,,,,,,,,,,,,,,,,,,,,,,,,,,,,,,,,,,,,,,,,,,0.009176470588235296,-0.024,0.036,0.0184327075027613,0.01647814952489222,-0.1267233025777488,-0.46867845227510774,,,,,,,,,,,,,,,,,,,,,,,,,,,,,,,,,,,,,,,,,,,,,,,,,,,,,,,,,,,,,,,,,,,,,,
1,,,,,,,,,,,,,,,,,,,,,,,,,,,,,,,,,,,,,,,,,,,,,,,,,,,,,,,,,-0.587764705882353,-0.62,-0.554,0.5880120046793762,0.01757672257477451,0.13760521297735756,-0.6553657305467793,,,,,,,,,,,,,,,,,,,,,,,,,,,,,,,,,,,,,,,,,,,,,,,,,,,,,,,,,,,,,,,
1,,,,,,,,,,,,,,,,,,,,,,,,,,,,,,,,,,,,,,,,,,,,,,,,,,,,,,,,,,,,,,,,0.41364705882352937,-2.2220000000000004,3.98,1.7641768618820508,1.7677788655957678,0.6309252238659195,-0.20520903855512973,,,,,,,,,,,,,,,,,,,,,,,,,,,,,,,,,,,,,,,,,,,,,,,,,,,,,,,,
1,,,,,,,,,,,,,,,,,,,,,,,,,,,,,,,,,,,,,,,,,,,,,,,,,,,,,,,,,,,,,,,,,,,,,,,-1.0428235294117645,-7.608,6.188000000000001,4.759254316283048,4.786513295647654,0.004805077608717855,-1.3216405639383657,,,,,,,,,,,,,,,,,,,,,,,,,,,,,,,,,,,,,,,,,,,,,,,,,
1,,,,,,,,,,,,,,,,,,,,,,,,,,,,,,,,,,,,,,,,,,,,,,,,,,,,,,,,,,,,,,,,,,,,,,,,,,,,,,-0.6761176470588236,-8.008000000000001,8.030000000000001,4.954504332066993,5.059209595904693,0.31372554642725986,-1.0060365157249493,,,,,,,,,,,,,,,,,,,,,,,,,,,,,,,,,,,,,,,,,,
1,,,,,,,,,,,,,,,,,,,,,,,,,,,,,,,,,,,,,,,,,,,,,,,,,,,,,,,,,,,,,,,,,,,,,,,,,,,,,,,,,,,,,-0.7305882352941176,-1.002,-0.518,0.7493598836968239,0.17180623490706376,-0.18236671783334782,-1.4500777661705957,,,,,,,,,,,,,,,,,,,,,,,,,,,,,,,,,,,
1,,,,,,,,,,,,,,,,,,,,,,,,,,,,,,,,,,,,,,,,,,,,,,,,,,,,,,,,,,,,,,,,,,,,,,,,,,,,,,,,,,,,,,,,,,,,-0.2641176470588235,-0.304,-0.202,0.26673935283894873,0.03845432737830226,0.6501184355345737,-1.1226981845120074,,,,,,,,,,,,,,,,,,,,,,,,,,,,
1,,,,,,,,,,,,,,,,,,,,,,,,,,,,,,,,,,,,,,,,,,,,,,,,,,,,,,,,,,,,,,,,,,,,,,,,,,,,,,,,,,,,,,,,,,,,,,,,,,,0.5036470588235294,0.048,0.8680000000000001,0.5786708909216015,0.2937254119872144,-0.16042101823597404,-1.4728016624011937,,,,,,,,,,,,,,,,,,,,,
1,,,,,,,,,,,,,,,,,,,,,,,,,,,,,,,,,,,,,,,,,,,,,,,,,,,,,,,,,,,,,,,,,,,,,,,,,,,,,,,,,,,,,,,,,,,,,,,,,,,,,,,,,,0.2544705882352935,-29.994000000000007,33.276,20.398407452255565,21.024560952959423,0.01920172528195152,-1.1371173430801822,,,,,,,,,,,,,,
1,,,,,,,,,,,,,,,,,,,,,,,,,,,,,,,,,,,,,,,,,,,,,,,,,,,,,,,,,,,,,,,,,,,,,,,,,,,,,,,,,,,,,,,,,,,,,,,,,,,,,,,,,,,,,,,,,5.114588235294117,-61.09600000000001,67.052,42.27247409784459,43.25336107613318,-0.007652374186611667,-1.1485113776328266,,,,,,,
1,,,,,,,,,,,,,,,,,,,,,,,,,,,,,,,,,,,,,,,,,,,,,,,,,,,,,,,,,,,,,,,,,,,,,,,,,,,,,,,,,,,,,,,,,,,,,,,,,,,,,,,,,,,,,,,,,,,,,,,,1.410470588235294,-17.542,15.490000000000002,10.238297939886413,10.452769956557253,-0.5630993840879607,-0.7960272636191705
1,0.018470588235294107,-0.002,0.038,0.02157885675432155,0.011500639368415683,-0.16997723196663203,-0.8784944169287519,,,,,,,,,,,,,,,,,,,,,,,,,,,,,,,,,,,,,,,,,,,,,,,,,,,,,,,,,,,,,,,,,,,,,,,,,,,,,,,,,,,,,,,,,,,,,,,,,,,,,,,,,,,,,,,,,,,,,,,
1,,,,,,,,-0.721529411764706,-0.78,-0.656,0.7220886372184513,0.02928762035199093,0.4595033027703247,0.6598586009874876,,,,,,,,,,,,,,,,,,,,,,,,,,,,,,,,,,,,,,,,,,,,,,,,,,,,,,,,,,,,,,,,,,,,,,,,,,,,,,,,,,,,,,,,,,,,,,,,,,,,,,,,,,,,,,,,
1,,,,,,,,,,,,,,,-0.6623529411764706,-0.7100000000000001,-0.62,0.6626520691176346,0.02052115121183079,-0.304821834033114,0.46289771274205105,,,,,,,,,,,,,,,,,,,,,,,,,,,,,,,,,,,,,,,,,,,,,,,,,,,,,,,,,,,,,,,,,,,,,,,,,,,,,,,,,,,,,,,,,,,,,,,,,,,,,,,,,
1,,,,,,,,,,,,,,,,,,,,,,0.8687058823529412,-6.298,6.482,4.236185353940638,4.2737606356215405,-0.24585112504437548,-1.0263658371825994,,,,,,,,,,,,,,,,,,,,,,,,,,,,,,,,,,,,,,,,,,,,,,,,,,,,,,,,,,,,,,,,,,,,,,,,,,,,,,,,,,,,,,,,,,,,,,,,,,
1,,,,,,,,,,,,,,,,,,,,,,,,,,,,,1.0044705882352942,-3.98,5.444000000000001,2.9751626747417474,2.8866583214342985,0.020524536419098727,-1.0737774833253952,,,,,,,,,,,,,,,,,,,,,,,,,,,,,,,,,,,,,,,,,,,,,,,,,,,,,,,,,,,,,,,,,,,,,,,,,,,,,,,,,,,,,,,,,,,
1,,,,,,,,,,,,,,,,,,,,,,,,,,,,,,,,,,,,0.17623529411764735,-7.436,6.712000000000001,4.379274342251908,4.5103959295361715,-0.36546978067987895,-1.0474738380821713,,,,,,,,,,,,,,,,,,,,,,,,,,,,,,,,,,,,,,,,,,,,,,,,,,,,,,,,,,,,,,,,,,,,,,,,,,,,,,,,,,,,
1,,,,,,,,,,,,,,,,,,,,,,,,,,,,,,,,,,,,,,,,,,,-0.772,-0.8480000000000001,-0.7020000000000001,0.7726626232785981,0.032977264895682305,0.04975281279613794,0.7533143083630578,,,,,,,,,,,,,,,,,,,,,,,,,,,,,,,,,,,,,,,,,,,,,,,,,,,,,,,,,,,,,,,,,,,,,,,,,,,,,
1,,,,,,,,,,,,,,,,,,,,,,,,,,,,,,,,,,,,,,,,,,,,,,,,,,0.0083529411764706,-0.032,0.052,0.025708776253851293,0.025062275376725538,0.36474419408998,-0.8043665644609215,,,,,,,,,,,,,,,,,,,,,,,,,,,,,,,,,,,,,,,,,,,,,,,,,,,,,,,,,,,,,,,,,,,,,,
1,,,,,,,,,,,,,,,,,,,,,,,,,,,,,,,,,,,,,,,,,,,,,,,,,,,,,,,,,-0.5867058823529413,-0.626,-0.554,0.5870233986718377,0.019899009730016563,-0.36905288988702634,-0.5737519132784508,,,,,,,,,,,,,,,,,,,,,,,,,,,,,,,,,,,,,,,,,,,,,,,,,,,,,,,,,,,,,,,
1,,,,,,,,,,,,,,,,,,,,,,,,,,,,,,,,,,,,,,,,,,,,,,,,,,,,,,,,,,,,,,,,0.6825882352941177,-3.102,7.152000000000001,2.730636900496465,2.725317299389732,0.6060380657187513,0.11209764441144543,,,,,,,,,,,,,,,,,,,,,,,,,,,,,,,,,,,,,,,,,,,,,,,,,,,,,,,,
1,,,,,,,,,,,,,,,,,,,,,,,,,,,,,,,,,,,,,,,,,,,,,,,,,,,,,,,,,,,,,,,,,,,,,,,-0.02435294117647034,-7.364000000000001,8.496000000000002,4.573236850865878,4.713917809810335,0.15550673535059817,-0.8121754161363626,,,,,,,,,,,,,,,,,,,,,,,,,,,,,,,,,,,,,,,,,,,,,,,,,
1,,,,,,,,,,,,,,,,,,,,,,,,,,,,,,,,,,,,,,,,,,,,,,,,,,,,,,,,,,,,,,,,,,,,,,,,,,,,,,-1.3832941176470592,-8.008000000000001,7.675999999999999,4.780053556185329,4.716341004485176,0.48117332463332874,-0.6186287206182302,,,,,,,,,,,,,,,,,,,,,,,,,,,,,,,,,,,,,,,,,,
1,,,,,,,,,,,,,,,,,,,,,,,,,,,,,,,,,,,,,,,,,,,,,,,,,,,,,,,,,,,,,,,,,,,,,,,,,,,,,,,,,,,,,-0.7544705882352941,-1.002,-0.518,0.7691068922878704,0.1539261664106605,-0.1485990222571544,-1.332197356465829,,,,,,,,,,,,,,,,,,,,,,,,,,,,,,,,,,,
1,,,,,,,,,,,,,,,,,,,,,,,,,,,,,,,,,,,,,,,,,,,,,,,,,,,,,,,,,,,,,,,,,,,,,,,,,,,,,,,,,,,,,,,,,,,,-0.29776470588235293,-0.35,-0.246,0.2991930323189952,0.030098856730291074,-0.25140208831822697,-0.8082883092080793,,,,,,,,,,,,,,,,,,,,,,,,,,,,
1,,,,,,,,,,,,,,,,,,,,,,,,,,,,,,,,,,,,,,,,,,,,,,,,,,,,,,,,,,,,,,,,,,,,,,,,,,,,,,,,,,,,,,,,,,,,,,,,,,,0.4450588235294118,0.048,0.8280000000000001,0.5057102169517755,0.2475268850519665,-0.1467076482174089,-1.336122987246816,,,,,,,,,,,,,,,,,,,,,
1,,,,,,,,,,,,,,,,,,,,,,,,,,,,,,,,,,,,,,,,,,,,,,,,,,,,,,,,,,,,,,,,,,,,,,,,,,,,,,,,,,,,,,,,,,,,,,,,,,,,,,,,,,2.531882352941175,-29.994000000000007,27.162,17.36408754398843,17.707199869976456,-0.6073257099125724,-0.675756596077473,,,,,,,,,,,,,,
1,,,,,,,,,,,,,,,,,,,,,,,,,,,,,,,,,,,,,,,,,,,,,,,,,,,,,,,,,,,,,,,,,,,,,,,,,,,,,,,,,,,,,,,,,,,,,,,,,,,,,,,,,,,,,,,,,-1.030352941176471,-55.908,67.052,40.62749706352902,41.86439577514104,0.5154008018620926,-1.0471718892922266,,,,,,,
1,,,,,,,,,,,,,,,,,,,,,,,,,,,,,,,,,,,,,,,,,,,,,,,,,,,,,,,,,,,,,,,,,,,,,,,,,,,,,,,,,,,,,,,,,,,,,,,,,,,,,,,,,,,,,,,,,,,,,,,,0.14929411764705858,-17.542,15.490000000000002,10.706383241676297,11.034814247217225,-0.3652335311726085,-1.1566336901088383
1,0.012499999999999982,-0.01,0.038,0.01824828759089464,0.01373074409248578,0.25948524948096313,-0.7543518142479049,,,,,,,,,,,,,,,,,,,,,,,,,,,,,,,,,,,,,,,,,,,,,,,,,,,,,,,,,,,,,,,,,,,,,,,,,,,,,,,,,,,,,,,,,,,,,,,,,,,,,,,,,,,,,,,,,,,,,,,
1,,,,,,,,-0.7037500000000001,-0.7580000000000001,-0.648,0.7045243076005256,0.03410474062844247,0.2824957086750556,-1.123051572293016,,,,,,,,,,,,,,,,,,,,,,,,,,,,,,,,,,,,,,,,,,,,,,,,,,,,,,,,,,,,,,,,,,,,,,,,,,,,,,,,,,,,,,,,,,,,,,,,,,,,,,,,,,,,,,,,
1,,,,,,,,,,,,,,,-0.659625,-0.68,-0.642,0.659706563556859,0.010713698396601126,-0.2280898135866693,-0.9096226544418862,,,,,,,,,,,,,,,,,,,,,,,,,,,,,,,,,,,,,,,,,,,,,,,,,,,,,,,,,,,,,,,,,,,,,,,,,,,,,,,,,,,,,,,,,,,,,,,,,,,,,,,,,
1,,,,,,,,,,,,,,,,,,,,,,-2.6035000000000004,-6.298,6.044,4.170395844521237,3.3647568312336236,1.008318633789768,0.639781428206458,,,,,,,,,,,,,,,,,,,,,,,,,,,,,,,,,,,,,,,,,,,,,,,,,,,,,,,,,,,,,,,,,,,,,,,,,,,,,,,,,,,,,,,,,,,,,,,,,,
1,,,,,,,,,,,,,,,,,,,,,,,,,,,,,1.554125,-4.274,5.444000000000001,3.0836523393534496,2.75072979104334,-0.44692101331217193,-0.45579363989344923,,,,,,,,,,,,,,,,,,,,,,,,,,,,,,,,,,,,,,,,,,,,,,,,,,,,,,,,,,,,,,,,,,,,,,,,,,,,,,,,,,,,,,,,,,,
1,,,,,,,,,,,,,,,,,,,,,,,,,,,,,,,,,,,,1.25025,-4.406,6.712000000000001,3.7574140043386226,3.6595132554298346,-0.11116124442946132,-1.367049710278777,,,,,,,,,,,,,,,,,,,,,,,,,,,,,,,,,,,,,,,,,,,,,,,,,,,,,,,,,,,,,,,,,,,,,,,,,,,,,,,,,,,,
1,,,,,,,,,,,,,,,,,,,,,,,,,,,,,,,,,,,,,,,,,,,-0.7668750000000002,-0.8080000000000002,-0.7020000000000001,0.7674293127057372,0.030119484280666815,0.5974217602000861,-0.5143086139085544,,,,,,,,,,,,,,,,,,,,,,,,,,,,,,,,,,,,,,,,,,,,,,,,,,,,,,,,,,,,,,,,,,,,,,,,,,,,,
1,,,,,,,,,,,,,,,,,,,,,,,,,,,,,,,,,,,,,,,,,,,,,,,,,,0.01775000000000001,-0.032,0.052,0.028556960622587273,0.023104112188093266,-0.36906206947455755,-0.3806711278249719,,,,,,,,,,,,,,,,,,,,,,,,,,,,,,,,,,,,,,,,,,,,,,,,,,,,,,,,,,,,,,,,,,,,,,
1,,,,,,,,,,,,,,,,,,,,,,,,,,,,,,,,,,,,,,,,,,,,,,,,,,,,,,,,,-0.5891249999999999,-0.626,-0.5619999999999999,0.5894151762552436,0.01909930190696334,-0.31559113287025253,-0.7071449027337291,,,,,,,,,,,,,,,,,,,,,,,,,,,,,,,,,,,,,,,,,,,,,,,,,,,,,,,,,,,,,,,
1,,,,,,,,,,,,,,,,,,,,,,,,,,,,,,,,,,,,,,,,,,,,,,,,,,,,,,,,,,,,,,,,1.9242500000000002,-3.102,8.312000000000001,4.308542444957459,3.981396731466652,0.3877670889617246,-1.2159678227219155,,,,,,,,,,,,,,,,,,,,,,,,,,,,,,,,,,,,,,,,,,,,,,,,,,,,,,,,
1,,,,,,,,,,,,,,,,,,,,,,,,,,,,,,,,,,,,,,,,,,,,,,,,,,,,,,,,,,,,,,,,,,,,,,,2.9725,-3.308,8.496000000000002,4.132362701893435,2.96480065659284,-0.08644157058447756,-0.218051670365631,,,,,,,,,,,,,,,,,,,,,,,,,,,,,,,,,,,,,,,,,,,,,,,,,
1,,,,,,,,,,,,,,,,,,,,,,,,,,,,,,,,,,,,,,,,,,,,,,,,,,,,,,,,,,,,,,,,,,,,,,,,,,,,,,-0.01637500000000025,-6.776000000000001,7.675999999999999,3.954006607227661,4.0836454445344135,0.3694442730727178,-0.5963436205014907,,,,,,,,,,,,,,,,,,,,,,,,,,,,,,,,,,,,,,,,,,
1,,,,,,,,,,,,,,,,,,,,,,,,,,,,,,,,,,,,,,,,,,,,,,,,,,,,,,,,,,,,,,,,,,,,,,,,,,,,,,,,,,,,,-0.74075,-0.9400000000000002,-0.518,0.7518443987953891,0.13290372455277547,0.05589924552011983,-1.3286602240499166,,,,,,,,,,,,,,,,,,,,,,,,,,,,,,,,,,,
1,,,,,,,,,,,,,,,,,,,,,,,,,,,,,,,,,,,,,,,,,,,,,,,,,,,,,,,,,,,,,,,,,,,,,,,,,,,,,,,,,,,,,,,,,,,,-0.329125,-0.386,-0.26,0.33059756502430565,0.03219083720563974,0.628130031476196,0.05882195115444677,,,,,,,,,,,,,,,,,,,,,,,,,,,,
1,,,,,,,,,,,,,,,,,,,,,,,,,,,,,,,,,,,,,,,,,,,,,,,,,,,,,,,,,,,,,,,,,,,,,,,,,,,,,,,,,,,,,,,,,,,,,,,,,,,0.43612500000000004,0.118,0.8280000000000001,0.4899191259789722,0.23051417165400775,0.13984932232057912,-1.384306430179427,,,,,,,,,,,,,,,,,,,,,
1,,,,,,,,,,,,,,,,,,,,,,,,,,,,,,,,,,,,,,,,,,,,,,,,,,,,,,,,,,,,,,,,,,,,,,,,,,,,,,,,,,,,,,,,,,,,,,,,,,,,,,,,,,7.59625,-10.768,27.162,13.509781826513706,11.538281371157492,0.05238114417135425,-1.0921619099687612,,,,,,,,,,,,,,
1,,,,,,,,,,,,,,,,,,,,,,,,,,,,,,,,,,,,,,,,,,,,,,,,,,,,,,,,,,,,,,,,,,,,,,,,,,,,,,,,,,,,,,,,,,,,,,,,,,,,,,,,,,,,,,,,,-5.204,-55.908,58.61600000000001,38.27855362340642,39.16687105535323,0.34921692511054575,-1.3628316227433872,,,,,,,
1,,,,,,,,,,,,,,,,,,,,,,,,,,,,,,,,,,,,,,,,,,,,,,,,,,,,,,,,,,,,,,,,,,,,,,,,,,,,,,,,,,,,,,,,,,,,,,,,,,,,,,,,,,,,,,,,,,,,,,,,2.684375,-14.856000000000002,14.004,8.0717924744136,7.8620075203474595,-0.6531762242347013,-0.2568362695567914
1,0.006352941176470588,-0.016,0.034,0.014158763654899174,0.013042915588886681,0.3114069100976383,-0.4392994804669259,,,,,,,,,,,,,,,,,,,,,,,,,,,,,,,,,,,,,,,,,,,,,,,,,,,,,,,,,,,,,,,,,,,,,,,,,,,,,,,,,,,,,,,,,,,,,,,,,,,,,,,,,,,,,,,,,,,,,,,
1,,,,,,,,-0.6816470588235295,-0.7360000000000001,-0.6339999999999999,0.6823464705575555,0.0318373624387892,-0.14836081419462285,-1.1869375813717227,,,,,,,,,,,,,,,,,,,,,,,,,,,,,,,,,,,,,,,,,,,,,,,,,,,,,,,,,,,,,,,,,,,,,,,,,,,,,,,,,,,,,,,,,,,,,,,,,,,,,,,,,,,,,,,,
1,,,,,,,,,,,,,,,-0.663764705882353,-0.6980000000000001,-0.644,0.6639075059604224,0.014192997444887693,-0.8091054505100095,0.0806605886174605,,,,,,,,,,,,,,,,,,,,,,,,,,,,,,,,,,,,,,,,,,,,,,,,,,,,,,,,,,,,,,,,,,,,,,,,,,,,,,,,,,,,,,,,,,,,,,,,,,,,,,,,,
1,,,,,,,,,,,,,,,,,,,,,,-1.281764705882353,-6.200000000000001,8.472,4.130514595486791,4.047452216046098,1.001456671490652,0.4014494443627252,,,,,,,,,,,,,,,,,,,,,,,,,,,,,,,,,,,,,,,,,,,,,,,,,,,,,,,,,,,,,,,,,,,,,,,,,,,,,,,,,,,,,,,,,,,,,,,,,,
1,,,,,,,,,,,,,,,,,,,,,,,,,,,,,0.21823529411764706,-4.298000000000001,5.614000000000001,3.1852401146907745,3.275555058486496,0.11999881994298413,-1.152702667728756,,,,,,,,,,,,,,,,,,,,,,,,,,,,,,,,,,,,,,,,,,,,,,,,,,,,,,,,,,,,,,,,,,,,,,,,,,,,,,,,,,,,,,,,,,,
1,,,,,,,,,,,,,,,,,,,,,,,,,,,,,,,,,,,,0.07788235294117649,-4.406,4.86,2.9001648634679578,2.988343393135086,0.20836449743698243,-1.2484219143460122,,,,,,,,,,,,,,,,,,,,,,,,,,,,,,,,,,,,,,,,,,,,,,,,,,,,,,,,,,,,,,,,,,,,,,,,,,,,,,,,,,,,
1,,,,,,,,,,,,,,,,,,,,,,,,,,,,,,,,,,,,,,,,,,,-0.7345882352941178,-0.8080000000000002,-0.6540000000000001,0.7362931002065446,0.05161765543824303,-0.014401070773936351,-1.4571591379736712,,,,,,,,,,,,,,,,,,,,,,,,,,,,,,,,,,,,,,,,,,,,,,,,,,,,,,,,,,,,,,,,,,,,,,,,,,,,,
1,,,,,,,,,,,,,,,,,,,,,,,,,,,,,,,,,,,,,,,,,,,,,,,,,,0.008705882352941164,-0.012,0.036,0.0151230249075025,0.012746395107452702,0.5303770284236466,-0.5075883079614152,,,,,,,,,,,,,,,,,,,,,,,,,,,,,,,,,,,,,,,,,,,,,,,,,,,,,,,,,,,,,,,,,,,,,,
1,,,,,,,,,,,,,,,,,,,,,,,,,,,,,,,,,,,,,,,,,,,,,,,,,,,,,,,,,-0.5758823529411765,-0.616,-0.516,0.5765812018726775,0.02925295359647716,0.768795172453949,-0.3776286309690371,,,,,,,,,,,,,,,,,,,,,,,,,,,,,,,,,,,,,,,,,,,,,,,,,,,,,,,,,,,,,,,
1,,,,,,,,,,,,,,,,,,,,,,,,,,,,,,,,,,,,,,,,,,,,,,,,,,,,,,,,,,,,,,,,2.384352941176471,-0.8800000000000001,8.312000000000001,3.958899520291556,3.2576035083550394,0.6593296475598749,-1.099006837585758,,,,,,,,,,,,,,,,,,,,,,,,,,,,,,,,,,,,,,,,,,,,,,,,,,,,,,,,
1,,,,,,,,,,,,,,,,,,,,,,,,,,,,,,,,,,,,,,,,,,,,,,,,,,,,,,,,,,,,,,,,,,,,,,,1.5655294117647063,-7.496,8.702,4.383056440967408,4.219931310425074,-0.6264653082108855,-0.15579908577048585,,,,,,,,,,,,,,,,,,,,,,,,,,,,,,,,,,,,,,,,,,,,,,,,,
1,,,,,,,,,,,,,,,,,,,,,,,,,,,,,,,,,,,,,,,,,,,,,,,,,,,,,,,,,,,,,,,,,,,,,,,,,,,,,,-0.7817647058823533,-5.382000000000001,4.26,3.337642246362825,3.344658942429926,0.15624971309866595,-1.3542138549604534,,,,,,,,,,,,,,,,,,,,,,,,,,,,,,,,,,,,,,,,,,
1,,,,,,,,,,,,,,,,,,,,,,,,,,,,,,,,,,,,,,,,,,,,,,,,,,,,,,,,,,,,,,,,,,,,,,,,,,,,,,,,,,,,,-0.7174117647058823,-0.9400000000000002,-0.5040000000000001,0.730318544520532,0.1409020310461889,-0.05433520799729053,-1.2045033321920648,,,,,,,,,,,,,,,,,,,,,,,,,,,,,,,,,,,
1,,,,,,,,,,,,,,,,,,,,,,,,,,,,,,,,,,,,,,,,,,,,,,,,,,,,,,,,,,,,,,,,,,,,,,,,,,,,,,,,,,,,,,,,,,,,-0.3519999999999999,-0.3960000000000001,-0.314,0.3528965854184481,0.02591331703969988,-0.24755278410800644,-1.114305776789158,,,,,,,,,,,,,,,,,,,,,,,,,,,,
1,,,,,,,,,,,,,,,,,,,,,,,,,,,,,,,,,,,,,,,,,,,,,,,,,,,,,,,,,,,,,,,,,,,,,,,,,,,,,,,,,,,,,,,,,,,,,,,,,,,0.46035294117647063,0.118,0.8160000000000002,0.5129121011727173,0.23313326156312153,-0.023011963153960476,-1.3943636283241225,,,,,,,,,,,,,,,,,,,,,
1,,,,,,,,,,,,,,,,,,,,,,,,,,,,,,,,,,,,,,,,,,,,,,,,,,,,,,,,,,,,,,,,,,,,,,,,,,,,,,,,,,,,,,,,,,,,,,,,,,,,,,,,,,1.1462352941176477,-17.176,23.486000000000004,14.07217298325274,14.457064343813945,0.31766102309551736,-1.3386427313723313,,,,,,,,,,,,,,
1,,,,,,,,,,,,,,,,,,,,,,,,,,,,,,,,,,,,,,,,,,,,,,,,,,,,,,,,,,,,,,,,,,,,,,,,,,,,,,,,,,,,,,,,,,,,,,,,,,,,,,,,,,,,,,,,,0.8207058823529442,-46.9,58.61600000000001,34.30750082965051,35.35324236856626,0.1068409346623855,-1.2154634664157644,,,,,,,
1,,,,,,,,,,,,,,,,,,,,,,,,,,,,,,,,,,,,,,,,,,,,,,,,,,,,,,,,,,,,,,,,,,,,,,,,,,,,,,,,,,,,,,,,,,,,,,,,,,,,,,,,,,,,,,,,,,,,,,,,3.3832941176470586,-4.65,14.004,6.705779421294651,5.967901513144151,0.16482365012398265,-1.2040877939386325
1,0.007882352941176488,-0.016,0.034,0.01596319295791931,0.014308574146910889,0.33137230533770984,-0.8507648385413038,,,,,,,,,,,,,,,,,,,,,,,,,,,,,,,,,,,,,,,,,,,,,,,,,,,,,,,,,,,,,,,,,,,,,,,,,,,,,,,,,,,,,,,,,,,,,,,,,,,,,,,,,,,,,,,,,,,,,,,
1,,,,,,,,-0.6714117647058825,-0.7220000000000001,-0.6339999999999999,0.6717928602320983,0.023321285404993824,-0.30308094772253547,-0.40280376957298447,,,,,,,,,,,,,,,,,,,,,,,,,,,,,,,,,,,,,,,,,,,,,,,,,,,,,,,,,,,,,,,,,,,,,,,,,,,,,,,,,,,,,,,,,,,,,,,,,,,,,,,,,,,,,,,,
1,,,,,,,,,,,,,,,-0.6538823529411766,-0.6980000000000001,-0.602,0.6543318100528652,0.024994705321680584,0.3484755828765821,-0.34163909044556773,,,,,,,,,,,,,,,,,,,,,,,,,,,,,,,,,,,,,,,,,,,,,,,,,,,,,,,,,,,,,,,,,,,,,,,,,,,,,,,,,,,,,,,,,,,,,,,,,,,,,,,,,
1,,,,,,,,,,,,,,,,,,,,,,0.4452941176470586,-5.748,8.472,3.6910581616849627,3.7768670840510437,0.17646742045697109,-0.17643238663546645,,,,,,,,,,,,,,,,,,,,,,,,,,,,,,,,,,,,,,,,,,,,,,,,,,,,,,,,,,,,,,,,,,,,,,,,,,,,,,,,,,,,,,,,,,,,,,,,,,
1,,,,,,,,,,,,,,,,,,,,,,,,,,,,,1.3881176470588235,-4.298000000000001,6.92,3.8659761418575473,3.719217960175784,-0.1731037656949328,-1.444607819063704,,,,,,,,,,,,,,,,,,,,,,,,,,,,,,,,,,,,,,,,,,,,,,,,,,,,,,,,,,,,,,,,,,,,,,,,,,,,,,,,,,,,,,,,,,,
1,,,,,,,,,,,,,,,,,,,,,,,,,,,,,,,,,,,,-1.2072941176470589,-7.884,4.176,3.8060912789276893,3.7206276312724764,-0.23579560772118244,-0.8158766098738153,,,,,,,,,,,,,,,,,,,,,,,,,,,,,,,,,,,,,,,,,,,,,,,,,,,,,,,,,,,,,,,,,,,,,,,,,,,,,,,,,,,,
1,,,,,,,,,,,,,,,,,,,,,,,,,,,,,,,,,,,,,,,,,,,-0.7144705882352942,-0.7920000000000001,-0.646,0.7156119553139365,0.04164450390966802,-0.07559301093137917,-0.9469753799984346,,,,,,,,,,,,,,,,,,,,,,,,,,,,,,,,,,,,,,,,,,,,,,,,,,,,,,,,,,,,,,,,,,,,,,,,,,,,,
1,,,,,,,,,,,,,,,,,,,,,,,,,,,,,,,,,,,,,,,,,,,,,,,,,,0.0021176470588235175,-0.012,0.02,0.008231932086840416,0.008199713050933364,0.758658761954651,0.19001775040588154,,,,,,,,,,,,,,,,,,,,,,,,,,,,,,,,,,,,,,,,,,,,,,,,,,,,,,,,,,,,,,,,,,,,,,
1,,,,,,,,,,,,,,,,,,,,,,,,,,,,,,,,,,,,,,,,,,,,,,,,,,,,,,,,,-0.5676470588235294,-0.616,-0.474,0.568821485488146,0.03765790284998387,0.9641773627475079,0.3315955566901838,,,,,,,,,,,,,,,,,,,,,,,,,,,,,,,,,,,,,,,,,,,,,,,,,,,,,,,,,,,,,,,
1,,,,,,,,,,,,,,,,,,,,,,,,,,,,,,,,,,,,,,,,,,,,,,,,,,,,,,,,,,,,,,,,1.6054117647058823,-1.5500000000000005,7.788,3.2186782818966146,2.8755785300271213,0.7898958772885788,-0.6443185509524416,,,,,,,,,,,,,,,,,,,,,,,,,,,,,,,,,,,,,,,,,,,,,,,,,,,,,,,,
1,,,,,,,,,,,,,,,,,,,,,,,,,,,,,,,,,,,,,,,,,,,,,,,,,,,,,,,,,,,,,,,,,,,,,,,0.08847058823529436,-7.496,8.702,4.265807033500089,4.396147491236603,0.24492678318451275,-0.7623427218080496,,,,,,,,,,,,,,,,,,,,,,,,,,,,,,,,,,,,,,,,,,,,,,,,,
1,,,,,,,,,,,,,,,,,,,,,,,,,,,,,,,,,,,,,,,,,,,,,,,,,,,,,,,,,,,,,,,,,,,,,,,,,,,,,,-0.5883529411764709,-5.382000000000001,4.26,3.2707873849651343,3.3164565604945078,0.059663700794385995,-1.4291013044666436,,,,,,,,,,,,,,,,,,,,,,,,,,,,,,,,,,,,,,,,,,
1,,,,,,,,,,,,,,,,,,,,,,,,,,,,,,,,,,,,,,,,,,,,,,,,,,,,,,,,,,,,,,,,,,,,,,,,,,,,,,,,,,,,,-0.7016470588235295,-0.938,-0.5040000000000001,0.7122848075445829,0.1264164453188699,-0.11617136601850249,-0.8207016652000929,,,,,,,,,,,,,,,,,,,,,,,,,,,,,,,,,,,
1,,,,,,,,,,,,,,,,,,,,,,,,,,,,,,,,,,,,,,,,,,,,,,,,,,,,,,,,,,,,,,,,,,,,,,,,,,,,,,,,,,,,,,,,,,,,-0.35623529411764704,-0.3960000000000001,-0.298,0.3574102931464885,0.029848637765743827,0.324694515845063,-0.967097021797382,,,,,,,,,,,,,,,,,,,,,,,,,,,,
1,,,,,,,,,,,,,,,,,,,,,,,,,,,,,,,,,,,,,,,,,,,,,,,,,,,,,,,,,,,,,,,,,,,,,,,,,,,,,,,,,,,,,,,,,,,,,,,,,,,0.48411764705882354,0.078,0.8160000000000002,0.5275182740074174,0.21598549787918092,-0.20376351165613854,-0.9535595233213972,,,,,,,,,,,,,,,,,,,,,
1,,,,,,,,,,,,,,,,,,,,,,,,,,,,,,,,,,,,,,,,,,,,,,,,,,,,,,,,,,,,,,,,,,,,,,,,,,,,,,,,,,,,,,,,,,,,,,,,,,,,,,,,,,-2.441411764705881,-17.176,23.486000000000004,14.850780815281379,15.099562059290097,0.7217859005284895,-1.0974631009395706,,,,,,,,,,,,,,
1,,,,,,,,,,,,,,,,,,,,,,,,,,,,,,,,,,,,,,,,,,,,,,,,,,,,,,,,,,,,,,,,,,,,,,,,,,,,,,,,,,,,,,,,,,,,,,,,,,,,,,,,,,,,,,,,,4.354,-46.9,66.626,35.10965554809506,35.910844587672955,0.14295091307612837,-0.9306865496385637,,,,,,,
1,,,,,,,,,,,,,,,,,,,,,,,,,,,,,,,,,,,,,,,,,,,,,,,,,,,,,,,,,,,,,,,,,,,,,,,,,,,,,,,,,,,,,,,,,,,,,,,,,,,,,,,,,,,,,,,,,,,,,,,,5.316588235294118,-4.65,19.214,8.594435641739368,6.9604670735772425,0.5958648468858925,-0.4765566707715583
1,0.006,-0.022,0.034,0.018303005217723118,0.017858704693603424,0.1201115627929874,-1.230802787440855,,,,,,,,,,,,,,,,,,,,,,,,,,,,,,,,,,,,,,,,,,,,,,,,,,,,,,,,,,,,,,,,,,,,,,,,,,,,,,,,,,,,,,,,,,,,,,,,,,,,,,,,,,,,,,,,,,,,,,,
1,,,,,,,,-0.66825,-0.7020000000000001,-0.638,0.6684590488578938,0.017264607341803843,-0.14994189041947237,-0.6992754969886943,,,,,,,,,,,,,,,,,,,,,,,,,,,,,,,,,,,,,,,,,,,,,,,,,,,,,,,,,,,,,,,,,,,,,,,,,,,,,,,,,,,,,,,,,,,,,,,,,,,,,,,,,,,,,,,,
1,,,,,,,,,,,,,,,-0.661625,-0.6980000000000001,-0.602,0.6622474990515254,0.02964877737782792,0.6688372381086518,-0.8411703848923064,,,,,,,,,,,,,,,,,,,,,,,,,,,,,,,,,,,,,,,,,,,,,,,,,,,,,,,,,,,,,,,,,,,,,,,,,,,,,,,,,,,,,,,,,,,,,,,,,,,,,,,,,
1,,,,,,,,,,,,,,,,,,,,,,-1.4887500000000002,-8.312000000000001,3.016,3.75855570665116,3.564321637188953,-0.41855940159364946,-1.153021749083492,,,,,,,,,,,,,,,,,,,,,,,,,,,,,,,,,,,,,,,,,,,,,,,,,,,,,,,,,,,,,,,,,,,,,,,,,,,,,,,,,,,,,,,,,,,,,,,,,,
1,,,,,,,,,,,,,,,,,,,,,,,,,,,,,1.9498750000000002,-1.976,6.92,3.2253566857015987,2.653483392950984,0.04070282648565832,-1.078874888743971,,,,,,,,,,,,,,,,,,,,,,,,,,,,,,,,,,,,,,,,,,,,,,,,,,,,,,,,,,,,,,,,,,,,,,,,,,,,,,,,,,,,,,,,,,,
1,,,,,,,,,,,,,,,,,,,,,,,,,,,,,,,,,,,,0.1885,-7.884,7.68,4.704251959663726,4.85462849934644,-0.2895813713719613,-1.1804296533336855,,,,,,,,,,,,,,,,,,,,,,,,,,,,,,,,,,,,,,,,,,,,,,,,,,,,,,,,,,,,,,,,,,,,,,,,,,,,,,,,,,,,
1,,,,,,,,,,,,,,,,,,,,,,,,,,,,,,,,,,,,,,,,,,,-0.7396250000000002,-0.7920000000000001,-0.646,0.740263297752901,0.0317424531713183,1.459307763497485,3.0336109343557123,,,,,,,,,,,,,,,,,,,,,,,,,,,,,,,,,,,,,,,,,,,,,,,,,,,,,,,,,,,,,,,,,,,,,,,,,,,,,
1,,,,,,,,,,,,,,,,,,,,,,,,,,,,,,,,,,,,,,,,,,,,,,,,,,-0.007500000000000007,-0.034,0.02,0.015827191791344414,0.014394443372357261,-0.12798577356771718,-0.6226800435294617,,,,,,,,,,,,,,,,,,,,,,,,,,,,,,,,,,,,,,,,,,,,,,,,,,,,,,,,,,,,,,,,,,,,,,
1,,,,,,,,,,,,,,,,,,,,,,,,,,,,,,,,,,,,,,,,,,,,,,,,,,,,,,,,,-0.59075,-0.628,-0.474,0.5919615696985743,0.03909560930164239,1.7115781924677336,2.8928227237315634,,,,,,,,,,,,,,,,,,,,,,,,,,,,,,,,,,,,,,,,,,,,,,,,,,,,,,,,,,,,,,,
1,,,,,,,,,,,,,,,,,,,,,,,,,,,,,,,,,,,,,,,,,,,,,,,,,,,,,,,,,,,,,,,,0.77,-2.38,7.788,2.8480321276277767,2.8318920883395258,1.293266084760588,0.7870507678104386,,,,,,,,,,,,,,,,,,,,,,,,,,,,,,,,,,,,,,,,,,,,,,,,,,,,,,,,
1,,,,,,,,,,,,,,,,,,,,,,,,,,,,,,,,,,,,,,,,,,,,,,,,,,,,,,,,,,,,,,,,,,,,,,,0.9983750000000001,-3.4300000000000006,8.082,3.78545416693955,3.771176383658906,0.5513403182806348,-1.212879115266006,,,,,,,,,,,,,,,,,,,,,,,,,,,,,,,,,,,,,,,,,,,,,,,,,
1,,,,,,,,,,,,,,,,,,,,,,,,,,,,,,,,,,,,,,,,,,,,,,,,,,,,,,,,,,,,,,,,,,,,,,,,,,,,,,1.018125,-4.0280000000000005,8.058,3.557918598000803,3.520940212973423,0.6065774573782049,-0.3974239024320121,,,,,,,,,,,,,,,,,,,,,,,,,,,,,,,,,,,,,,,,,,
1,,,,,,,,,,,,,,,,,,,,,,,,,,,,,,,,,,,,,,,,,,,,,,,,,,,,,,,,,,,,,,,,,,,,,,,,,,,,,,,,,,,,,-0.7505,-0.938,-0.622,0.7549013180542209,0.08406822626097606,-0.7421617618659072,-0.23523489574149092,,,,,,,,,,,,,,,,,,,,,,,,,,,,,,,,,,,
1,,,,,,,,,,,,,,,,,,,,,,,,,,,,,,,,,,,,,,,,,,,,,,,,,,,,,,,,,,,,,,,,,,,,,,,,,,,,,,,,,,,,,,,,,,,,-0.35662499999999997,-0.402,-0.298,0.35763843473541823,0.027786987362192886,0.13273209854516715,-0.46034186830728174,,,,,,,,,,,,,,,,,,,,,,,,,,,,
1,,,,,,,,,,,,,,,,,,,,,,,,,,,,,,,,,,,,,,,,,,,,,,,,,,,,,,,,,,,,,,,,,,,,,,,,,,,,,,,,,,,,,,,,,,,,,,,,,,,0.42875,0.078,0.68,0.4590462939617311,0.16938142361742822,-0.5343596049943512,-0.6537131117575763,,,,,,,,,,,,,,,,,,,,,
1,,,,,,,,,,,,,,,,,,,,,,,,,,,,,,,,,,,,,,,,,,,,,,,,,,,,,,,,,,,,,,,,,,,,,,,,,,,,,,,,,,,,,,,,,,,,,,,,,,,,,,,,,,5.993250000000001,-14.614,27.968000000000004,15.47540910606243,14.73568879285933,-0.27582398894061205,-1.4228687039625045,,,,,,,,,,,,,,
1,,,,,,,,,,,,,,,,,,,,,,,,,,,,,,,,,,,,,,,,,,,,,,,,,,,,,,,,,,,,,,,,,,,,,,,,,,,,,,,,,,,,,,,,,,,,,,,,,,,,,,,,,,,,,,,,,-0.5391250000000007,-52.56400000000001,66.626,37.57188115798835,38.800076948162534,0.42090219070633833,-1.1681615177884719,,,,,,,
1,,,,,,,,,,,,,,,,,,,,,,,,,,,,,,,,,,,,,,,,,,,,,,,,,,,,,,,,,,,,,,,,,,,,,,,,,,,,,,,,,,,,,,,,,,,,,,,,,,,,,,,,,,,,,,,,,,,,,,,,0.7731250000000001,-17.087999999999997,19.214,10.850611515025316,11.177980639781648,0.11320240852845968,-0.9779611071874004
1,-0.02647058823529412,-0.12,0.0279999999999999,0.05564382530090509,0.05045061650646454,-0.7770151935647851,-0.923153189189954,,,,,,,,,,,,,,,,,,,,,,,,,,,,,,,,,,,,,,,,,,,,,,,,,,,,,,,,,,,,,,,,,,,,,,,,,,,,,,,,,,,,,,,,,,,,,,,,,,,,,,,,,,,,,,,,,,,,,,,
1,,,,,,,,-1.1488235294117648,-2.3,-0.638,1.3637285394871534,0.7574348350926069,-0.9016075938835968,-1.1837557840821091,,,,,,,,,,,,,,,,,,,,,,,,,,,,,,,,,,,,,,,,,,,,,,,,,,,,,,,,,,,,,,,,,,,,,,,,,,,,,,,,,,,,,,,,,,,,,,,,,,,,,,,,,,,,,,,,
1,,,,,,,,,,,,,,,-1.1231764705882354,-2.204,-0.662,1.3163038268978338,0.7075139782447868,-0.9035010995335214,-1.1825395136401362,,,,,,,,,,,,,,,,,,,,,,,,,,,,,,,,,,,,,,,,,,,,,,,,,,,,,,,,,,,,,,,,,,,,,,,,,,,,,,,,,,,,,,,,,,,,,,,,,,,,,,,,,
1,,,,,,,,,,,,,,,,,,,,,,-0.603764705882353,-8.312000000000001,7.032,4.048762018488238,4.126704307456069,0.025693351184617432,-0.6828844384681112,,,,,,,,,,,,,,,,,,,,,,,,,,,,,,,,,,,,,,,,,,,,,,,,,,,,,,,,,,,,,,,,,,,,,,,,,,,,,,,,,,,,,,,,,,,,,,,,,,
1,,,,,,,,,,,,,,,,,,,,,,,,,,,,,1.3334117647058825,-3.4920000000000004,8.618000000000002,3.0176671940619375,2.790402996406244,0.8056680828685053,0.9393852278406758,,,,,,,,,,,,,,,,,,,,,,,,,,,,,,,,,,,,,,,,,,,,,,,,,,,,,,,,,,,,,,,,,,,,,,,,,,,,,,,,,,,,,,,,,,,
1,,,,,,,,,,,,,,,,,,,,,,,,,,,,,,,,,,,,1.5091764705882351,-6.15,7.68,3.7266218103863262,3.512225438295749,-0.4509184323415336,-0.2160200191575843,,,,,,,,,,,,,,,,,,,,,,,,,,,,,,,,,,,,,,,,,,,,,,,,,,,,,,,,,,,,,,,,,,,,,,,,,,,,,,,,,,,,
1,,,,,,,,,,,,,,,,,,,,,,,,,,,,,,,,,,,,,,,,,,,-0.776470588235294,-0.8500000000000001,-0.7100000000000001,0.7778576915061612,0.04786193378753466,-0.5570802774541055,-1.1941928916262012,,,,,,,,,,,,,,,,,,,,,,,,,,,,,,,,,,,,,,,,,,,,,,,,,,,,,,,,,,,,,,,,,,,,,,,,,,,,,
1,,,,,,,,,,,,,,,,,,,,,,,,,,,,,,,,,,,,,,,,,,,,,,,,,,-0.006941176470588247,-0.034,0.014,0.014864090166255995,0.013548388226258189,-0.5399946678433077,-0.8153025535428258,,,,,,,,,,,,,,,,,,,,,,,,,,,,,,,,,,,,,,,,,,,,,,,,,,,,,,,,,,,,,,,,,,,,,,
1,,,,,,,,,,,,,,,,,,,,,,,,,,,,,,,,,,,,,,,,,,,,,,,,,,,,,,,,,-0.6302352941176471,-0.6880000000000001,-0.586,0.6310385464128349,0.032809162995580815,-0.611340444596004,-0.9525055002762999,,,,,,,,,,,,,,,,,,,,,,,,,,,,,,,,,,,,,,,,,,,,,,,,,,,,,,,,,,,,,,,
1,,,,,,,,,,,,,,,,,,,,,,,,,,,,,,,,,,,,,,,,,,,,,,,,,,,,,,,,,,,,,,,,-1.3490588235294116,-5.286,2.61,2.534661318598601,2.2118617856510676,-0.10993808575746325,-0.7304862244095252,,,,,,,,,,,,,,,,,,,,,,,,,,,,,,,,,,,,,,,,,,,,,,,,,,,,,,,,
1,,,,,,,,,,,,,,,,,,,,,,,,,,,,,,,,,,,,,,,,,,,,,,,,,,,,,,,,,,,,,,,,,,,,,,,-0.10905882352941175,-8.998000000000001,8.082,4.813434068252287,4.960300601659493,-0.07994285932432653,-0.9333684881152706,,,,,,,,,,,,,,,,,,,,,,,,,,,,,,,,,,,,,,,,,,,,,,,,,
1,,,,,,,,,,,,,,,,,,,,,,,,,,,,,,,,,,,,,,,,,,,,,,,,,,,,,,,,,,,,,,,,,,,,,,,,,,,,,,2.597176470588235,-2.3920000000000003,8.656,4.2819644749467365,3.5091683529593967,0.40706280734714906,-1.1735023625326122,,,,,,,,,,,,,,,,,,,,,,,,,,,,,,,,,,,,,,,,,,
1,,,,,,,,,,,,,,,,,,,,,,,,,,,,,,,,,,,,,,,,,,,,,,,,,,,,,,,,,,,,,,,,,,,,,,,,,,,,,,,,,,,,,-0.7329411764705883,-0.94,-0.622,0.7373727607087843,0.0832049206689689,-1.1857887092116448,0.8073008199486766,,,,,,,,,,,,,,,,,,,,,,,,,,,,,,,,,,,
1,,,,,,,,,,,,,,,,,,,,,,,,,,,,,,,,,,,,,,,,,,,,,,,,,,,,,,,,,,,,,,,,,,,,,,,,,,,,,,,,,,,,,,,,,,,,-0.3535294117647058,-0.402,-0.292,0.3544735948018762,0.026650791843439717,0.21652011890166373,0.16982060305510727,,,,,,,,,,,,,,,,,,,,,,,,,,,,
1,,,,,,,,,,,,,,,,,,,,,,,,,,,,,,,,,,,,,,,,,,,,,,,,,,,,,,,,,,,,,,,,,,,,,,,,,,,,,,,,,,,,,,,,,,,,,,,,,,,0.48294117647058826,0.154,0.68,0.5010795404747165,0.13771005345845097,-0.9156422739432583,0.19817508216854796,,,,,,,,,,,,,,,,,,,,,
1,,,,,,,,,,,,,,,,,,,,,,,,,,,,,,,,,,,,,,,,,,,,,,,,,,,,,,,,,,,,,,,,,,,,,,,,,,,,,,,,,,,,,,,,,,,,,,,,,,,,,,,,,,4.399882352941176,-26.464,27.968000000000004,17.958134535635935,17.946632225442585,-0.6485398878744082,-1.045274570591565,,,,,,,,,,,,,,
1,,,,,,,,,,,,,,,,,,,,,,,,,,,,,,,,,,,,,,,,,,,,,,,,,,,,,,,,,,,,,,,,,,,,,,,,,,,,,,,,,,,,,,,,,,,,,,,,,,,,,,,,,,,,,,,,,-7.432470588235293,-52.56400000000001,54.748000000000005,31.324293778246343,31.366269650130633,0.5865337370004685,-0.6303710358521513,,,,,,,
1,,,,,,,,,,,,,,,,,,,,,,,,,,,,,,,,,,,,,,,,,,,,,,,,,,,,,,,,,,,,,,,,,,,,,,,,,,,,,,,,,,,,,,,,,,,,,,,,,,,,,,,,,,,,,,,,,,,,,,,,-0.6851764705882355,-17.087999999999997,23.034,10.449676246040296,10.748100228850296,0.6001563513599776,-0.19882309747751092
